event_id,processing_status,pre_event_status,post_event_status,is_real_cdse_data,processing_timestamp,error_category
FIRMS_TN_0000,PARTIAL_PRE_ONLY,REAL_CDSE_SUCCESS,MISSING_PRODUCT,True,2026-09-05T16:19:27Z,
FIRMS_TN_0001,PARTIAL_POST_ONLY,CLOUD_REJECTED,REAL_CDSE_SUCCESS,True,2026-09-05T16:19:35Z,
FIRMS_TN_0002,CLOUD_REJECTED,CLOUD_REJECTED,CLOUD_REJECTED,True,2026-09-05T16:19:41Z,CLOUD_REJECTED
FIRMS_TN_0003,REAL_CDSE_SUCCESS,REAL_CDSE_SUCCESS,REAL_CDSE_SUCCESS,True,2026-09-05T16:19:47Z,
FIRMS_TN_0004,REAL_CDSE_SUCCESS,REAL_CDSE_SUCCESS,REAL_CDSE_SUCCESS,True,2026-09-05T16:19:53Z,
FIRMS_TN_0005,PARTIAL_PRE_ONLY,REAL_CDSE_SUCCESS,CLOUD_REJECTED,True,2026-09-05T16:19:58Z,
FIRMS_TN_0006,PARTIAL_PRE_ONLY,REAL_CDSE_SUCCESS,CLOUD_REJECTED,True,2026-09-05T16:20:03Z,
FIRMS_TN_0007,REAL_CDSE_SUCCESS,REAL_CDSE_SUCCESS,REAL_CDSE_SUCCESS,True,2026-09-05T16:20:09Z,
FIRMS_TN_0008,CLOUD_REJECTED,CLOUD_REJECTED,MISSING_PRODUCT,True,2026-09-05T16:20:15Z,CLOUD_REJECTED
FIRMS_TN_0009,CLOUD_REJECTED,CLOUD_REJECTED,CLOUD_REJECTED,True,2026-09-05T16:20:20Z,CLOUD_REJECTED
FIRMS_TN_0010,CLOUD_REJECTED,CLOUD_REJECTED,CLOUD_REJECTED,True,2026-09-05T16:20:26Z,CLOUD_REJECTED
FIRMS_TN_0011,PARTIAL_POST_ONLY,CLOUD_REJECTED,REAL_CDSE_SUCCESS,True,2026-09-05T16:20:32Z,
FIRMS_TN_0012,CLOUD_REJECTED,CLOUD_REJECTED,CLOUD_REJECTED,True,2026-09-05T16:20:36Z,CLOUD_REJECTED
FIRMS_TN_0013,CLOUD_REJECTED,CLOUD_REJECTED,CLOUD_REJECTED,True,2026-09-05T16:20:42Z,CLOUD_REJECTED
FIRMS_TN_0014,PARTIAL_PRE_ONLY,REAL_CDSE_SUCCESS,CLOUD_REJECTED,True,2026-09-05T16:20:48Z,
FIRMS_TN_0015,PARTIAL_PRE_ONLY,REAL_CDSE_SUCCESS,MISSING_PRODUCT,True,2026-09-05T16:20:51Z,
FIRMS_TN_0016,REAL_CDSE_SUCCESS,REAL_CDSE_SUCCESS,REAL_CDSE_SUCCESS,True,2026-09-05T16:20:57Z,
FIRMS_TN_0017,CLOUD_REJECTED,CLOUD_REJECTED,CLOUD_REJECTED,True,2026-09-05T16:21:02Z,CLOUD_REJECTED
FIRMS_TN_0018,CLOUD_REJECTED,CLOUD_REJECTED,CLOUD_REJECTED,True,2026-09-05T16:21:05Z,CLOUD_REJECTED
FIRMS_TN_0019,CLOUD_REJECTED,CLOUD_REJECTED,CLOUD_REJECTED,True,2026-09-05T16:21:11Z,CLOUD_REJECTED
FIRMS_TN_0020,PARTIAL_PRE_ONLY,REAL_CDSE_SUCCESS,CLOUD_REJECTED,True,2026-09-05T16:21:17Z,
FIRMS_TN_0021,PARTIAL_PRE_ONLY,REAL_CDSE_SUCCESS,CLOUD_REJECTED,True,2026-09-05T16:21:20Z,
FIRMS_TN_0022,REAL_CDSE_SUCCESS,REAL_CDSE_SUCCESS,REAL_CDSE_SUCCESS,True,2026-09-05T16:21:25Z,
FIRMS_TN_0023,PARTIAL_POST_ONLY,CLOUD_REJECTED,REAL_CDSE_SUCCESS,True,2026-09-05T16:21:29Z,
FIRMS_TN_0024,CLOUD_REJECTED,CLOUD_REJECTED,CLOUD_REJECTED,True,2026-09-05T16:21:35Z,CLOUD_REJECTED
FIRMS_TN_0025,CLOUD_REJECTED,CLOUD_REJECTED,CLOUD_REJECTED,True,2026-09-05T16:21:40Z,CLOUD_REJECTED
FIRMS_TN_0026,CLOUD_REJECTED,CLOUD_REJECTED,CLOUD_REJECTED,True,2026-09-05T16:21:45Z,CLOUD_REJECTED
FIRMS_TN_0027,CLOUD_REJECTED,CLOUD_REJECTED,CLOUD_REJECTED,True,2026-09-05T16:21:51Z,CLOUD_REJECTED
FIRMS_TN_0028,CLOUD_REJECTED,CLOUD_REJECTED,MISSING_PRODUCT,True,2026-09-05T16:21:55Z,CLOUD_REJECTED
FIRMS_TN_0029,CLOUD_REJECTED,CLOUD_REJECTED,MISSING_PRODUCT,True,2026-09-05T16:21:58Z,CLOUD_REJECTED
FIRMS_TN_0030,REAL_CDSE_SUCCESS,REAL_CDSE_SUCCESS,REAL_CDSE_SUCCESS,True,2026-09-05T16:22:03Z,
FIRMS_TN_0031,CLOUD_REJECTED,CLOUD_REJECTED,CLOUD_REJECTED,True,2026-09-05T16:22:07Z,CLOUD_REJECTED
FIRMS_TN_0032,CLOUD_REJECTED,CLOUD_REJECTED,CLOUD_REJECTED,True,2026-09-05T16:22:11Z,CLOUD_REJECTED
FIRMS_TN_0033,CLOUD_REJECTED,CLOUD_REJECTED,CLOUD_REJECTED,True,2026-09-05T16:22:16Z,CLOUD_REJECTED
FIRMS_TN_0034,PARTIAL_PRE_ONLY,REAL_CDSE_SUCCESS,MISSING_PRODUCT,True,2026-09-05T16:22:21Z,
FIRMS_TN_0035,CLOUD_REJECTED,CLOUD_REJECTED,MISSING_PRODUCT,True,2026-09-05T16:22:32Z,CLOUD_REJECTED
FIRMS_TN_0036,PARTIAL_PRE_ONLY,REAL_CDSE_SUCCESS,MISSING_PRODUCT,True,2026-09-05T16:22:37Z,
FIRMS_TN_0037,PARTIAL_PRE_ONLY,REAL_CDSE_SUCCESS,MISSING_PRODUCT,True,2026-09-05T16:22:41Z,
FIRMS_TN_0038,CLOUD_REJECTED,CLOUD_REJECTED,MISSING_PRODUCT,True,2026-09-05T16:22:44Z,CLOUD_REJECTED
FIRMS_TN_0039,CLOUD_REJECTED,CLOUD_REJECTED,CLOUD_REJECTED,True,2026-09-05T16:22:50Z,CLOUD_REJECTED
FIRMS_TN_0040,CLOUD_REJECTED,CLOUD_REJECTED,MISSING_PRODUCT,True,2026-09-05T16:22:54Z,CLOUD_REJECTED
FIRMS_TN_0041,CLOUD_REJECTED,CLOUD_REJECTED,MISSING_PRODUCT,True,2026-09-05T16:22:58Z,CLOUD_REJECTED
FIRMS_TN_0042,CLOUD_REJECTED,CLOUD_REJECTED,CLOUD_REJECTED,True,2026-09-05T16:23:05Z,CLOUD_REJECTED
FIRMS_TN_0043,CLOUD_REJECTED,CLOUD_REJECTED,MISSING_PRODUCT,True,2026-09-05T16:23:08Z,CLOUD_REJECTED
FIRMS_TN_0044,CLOUD_REJECTED,CLOUD_REJECTED,MISSING_PRODUCT,True,2026-09-05T16:23:12Z,CLOUD_REJECTED
FIRMS_TN_0045,MISSING_PRODUCT,MISSING_PRODUCT,MISSING_PRODUCT,False,2026-09-05T16:23:15Z,MISSING_PRODUCT
FIRMS_TN_0046,PARTIAL_PRE_ONLY,REAL_CDSE_SUCCESS,MISSING_PRODUCT,True,2026-09-05T16:23:19Z,
FIRMS_TN_0047,PARTIAL_PRE_ONLY,REAL_CDSE_SUCCESS,MISSING_PRODUCT,True,2026-09-05T16:23:22Z,
FIRMS_TN_0048,CLOUD_REJECTED,CLOUD_REJECTED,MISSING_PRODUCT,True,2026-09-05T16:23:26Z,CLOUD_REJECTED
FIRMS_TN_0049,CLOUD_REJECTED,CLOUD_REJECTED,MISSING_PRODUCT,True,2026-09-05T16:23:32Z,CLOUD_REJECTED
FIRMS_TN_0050,CLOUD_REJECTED,CLOUD_REJECTED,MISSING_PRODUCT,True,2026-09-05T16:23:36Z,CLOUD_REJECTED
FIRMS_TN_0051,CLOUD_REJECTED,CLOUD_REJECTED,MISSING_PRODUCT,True,2026-09-05T16:23:40Z,CLOUD_REJECTED
FIRMS_TN_0052,PARTIAL_PRE_ONLY,REAL_CDSE_SUCCESS,MISSING_PRODUCT,True,2026-09-05T16:23:43Z,
FIRMS_TN_0053,MISSING_PRODUCT,MISSING_PRODUCT,MISSING_PRODUCT,False,2026-09-05T16:23:48Z,MISSING_PRODUCT
FIRMS_TN_0054,MISSING_PRODUCT,MISSING_PRODUCT,MISSING_PRODUCT,False,2026-09-05T16:23:51Z,MISSING_PRODUCT
FIRMS_TN_0055,MISSING_PRODUCT,MISSING_PRODUCT,MISSING_PRODUCT,False,2026-09-05T16:23:55Z,MISSING_PRODUCT
FIRMS_TN_0056,PARTIAL_PRE_ONLY,REAL_CDSE_SUCCESS,MISSING_PRODUCT,True,2026-09-05T16:23:58Z,
FIRMS_TN_0057,MISSING_PRODUCT,MISSING_PRODUCT,MISSING_PRODUCT,False,2026-09-05T16:24:01Z,MISSING_PRODUCT
FIRMS_TN_0058,MISSING_PRODUCT,MISSING_PRODUCT,MISSING_PRODUCT,False,2026-09-05T16:24:03Z,MISSING_PRODUCT
FIRMS_TN_0059,MISSING_PRODUCT,MISSING_PRODUCT,MISSING_PRODUCT,False,2026-09-05T16:24:08Z,MISSING_PRODUCT
FIRMS_TN_0060,MISSING_PRODUCT,MISSING_PRODUCT,MISSING_PRODUCT,False,2026-09-05T16:24:11Z,MISSING_PRODUCT
FIRMS_TN_0061,PARTIAL_PRE_ONLY,REAL_CDSE_SUCCESS,MISSING_PRODUCT,True,2026-09-05T16:24:14Z,
FIRMS_TN_0062,CLOUD_REJECTED,CLOUD_REJECTED,MISSING_PRODUCT,True,2026-09-05T16:24:17Z,CLOUD_REJECTED
FIRMS_TN_0063,CLOUD_REJECTED,CLOUD_REJECTED,MISSING_PRODUCT,True,2026-09-05T16:24:23Z,CLOUD_REJECTED
FIRMS_TN_0064,MISSING_PRODUCT,MISSING_PRODUCT,MISSING_PRODUCT,False,2026-09-05T16:24:26Z,MISSING_PRODUCT
FIRMS_TN_0065,MISSING_PRODUCT,MISSING_PRODUCT,MISSING_PRODUCT,False,2026-09-05T16:24:30Z,MISSING_PRODUCT
FIRMS_TN_0066,PARTIAL_PRE_ONLY,REAL_CDSE_SUCCESS,MISSING_PRODUCT,True,2026-09-05T16:24:33Z,
FIRMS_TN_0067,CLOUD_REJECTED,CLOUD_REJECTED,MISSING_PRODUCT,True,2026-09-05T16:24:38Z,CLOUD_REJECTED
FIRMS_TN_0068,PARTIAL_PRE_ONLY,REAL_CDSE_SUCCESS,MISSING_PRODUCT,True,2026-09-05T16:24:41Z,
FIRMS_TN_0069,MISSING_PRODUCT,MISSING_PRODUCT,MISSING_PRODUCT,False,2026-09-05T16:24:43Z,MISSING_PRODUCT
FIRMS_TN_0070,MISSING_PRODUCT,MISSING_PRODUCT,MISSING_PRODUCT,False,2026-09-05T16:24:46Z,MISSING_PRODUCT
FIRMS_TN_0071,PARTIAL_PRE_ONLY,REAL_CDSE_SUCCESS,MISSING_PRODUCT,True,2026-09-05T16:24:51Z,
FIRMS_TN_0072,PARTIAL_PRE_ONLY,REAL_CDSE_SUCCESS,MISSING_PRODUCT,True,2026-09-05T16:24:55Z,
FIRMS_TN_0073,CLOUD_REJECTED,CLOUD_REJECTED,MISSING_PRODUCT,True,2026-09-05T16:25:01Z,CLOUD_REJECTED
FIRMS_TN_0074,CLOUD_REJECTED,CLOUD_REJECTED,MISSING_PRODUCT,True,2026-09-05T16:25:06Z,CLOUD_REJECTED
FIRMS_TN_0075,CLOUD_REJECTED,CLOUD_REJECTED,MISSING_PRODUCT,True,2026-09-05T16:25:12Z,CLOUD_REJECTED
FIRMS_TN_0076,PARTIAL_PRE_ONLY,REAL_CDSE_SUCCESS,MISSING_PRODUCT,True,2026-09-05T16:25:20Z,
FIRMS_TN_0077,CLOUD_REJECTED,CLOUD_REJECTED,MISSING_PRODUCT,True,2026-09-05T16:25:24Z,CLOUD_REJECTED
FIRMS_TN_0078,PARTIAL_PRE_ONLY,REAL_CDSE_SUCCESS,MISSING_PRODUCT,True,2026-09-05T16:25:30Z,
FIRMS_TN_0079,CLOUD_REJECTED,CLOUD_REJECTED,MISSING_PRODUCT,True,2026-09-05T16:25:33Z,CLOUD_REJECTED
FIRMS_TN_0080,PARTIAL_POST_ONLY,MISSING_PRODUCT,REAL_CDSE_SUCCESS,True,2026-09-05T16:25:38Z,
FIRMS_TN_0081,PARTIAL_PRE_ONLY,REAL_CDSE_SUCCESS,CLOUD_REJECTED,True,2026-09-05T16:25:46Z,
FIRMS_TN_0082,MISSING_PRODUCT,MISSING_PRODUCT,MISSING_PRODUCT,False,2026-09-05T16:25:51Z,MISSING_PRODUCT
FIRMS_TN_0083,CLOUD_REJECTED,MISSING_PRODUCT,CLOUD_REJECTED,True,2026-09-05T16:25:56Z,CLOUD_REJECTED
FIRMS_TN_0084,MISSING_PRODUCT,MISSING_PRODUCT,MISSING_PRODUCT,False,2026-09-05T16:26:00Z,MISSING_PRODUCT
FIRMS_TN_0085,MISSING_PRODUCT,MISSING_PRODUCT,MISSING_PRODUCT,False,2026-09-05T16:26:05Z,MISSING_PRODUCT
FIRMS_TN_0086,MISSING_PRODUCT,MISSING_PRODUCT,MISSING_PRODUCT,False,2026-09-05T16:26:09Z,MISSING_PRODUCT
FIRMS_TN_0087,CLOUD_REJECTED,MISSING_PRODUCT,CLOUD_REJECTED,True,2026-09-05T16:26:18Z,CLOUD_REJECTED
FIRMS_TN_0088,CLOUD_REJECTED,MISSING_PRODUCT,CLOUD_REJECTED,True,2026-09-05T16:26:27Z,CLOUD_REJECTED
FIRMS_TN_0089,CLOUD_REJECTED,MISSING_PRODUCT,CLOUD_REJECTED,True,2026-09-05T16:26:31Z,CLOUD_REJECTED
FIRMS_TN_0090,REAL_CDSE_SUCCESS,REAL_CDSE_SUCCESS,REAL_CDSE_SUCCESS,True,2026-09-05T16:26:39Z,
FIRMS_TN_0091,PARTIAL_POST_ONLY,MISSING_PRODUCT,REAL_CDSE_SUCCESS,True,2026-09-05T16:26:45Z,
FIRMS_TN_0092,CLOUD_REJECTED,MISSING_PRODUCT,CLOUD_REJECTED,True,2026-09-05T16:26:51Z,CLOUD_REJECTED
FIRMS_TN_0093,MISSING_PRODUCT,MISSING_PRODUCT,MISSING_PRODUCT,False,2026-09-05T16:26:55Z,MISSING_PRODUCT
FIRMS_TN_0094,CLOUD_REJECTED,MISSING_PRODUCT,CLOUD_REJECTED,True,2026-09-05T16:27:00Z,CLOUD_REJECTED
FIRMS_TN_0095,CLOUD_REJECTED,MISSING_PRODUCT,CLOUD_REJECTED,True,2026-09-05T16:27:07Z,CLOUD_REJECTED
FIRMS_TN_0096,CLOUD_REJECTED,MISSING_PRODUCT,CLOUD_REJECTED,True,2026-09-05T16:27:12Z,CLOUD_REJECTED
FIRMS_TN_0097,CLOUD_REJECTED,MISSING_PRODUCT,CLOUD_REJECTED,True,2026-09-05T16:27:16Z,CLOUD_REJECTED
FIRMS_TN_0098,CLOUD_REJECTED,MISSING_PRODUCT,CLOUD_REJECTED,True,2026-09-05T16:27:20Z,CLOUD_REJECTED
FIRMS_TN_0099,CLOUD_REJECTED,MISSING_PRODUCT,CLOUD_REJECTED,True,2026-09-05T16:27:25Z,CLOUD_REJECTED
FIRMS_TN_0100,CLOUD_REJECTED,MISSING_PRODUCT,CLOUD_REJECTED,True,2026-09-05T16:27:31Z,CLOUD_REJECTED
FIRMS_TN_0101,MISSING_PRODUCT,MISSING_PRODUCT,MISSING_PRODUCT,False,2026-09-05T16:27:35Z,MISSING_PRODUCT
FIRMS_TN_0102,CLOUD_REJECTED,MISSING_PRODUCT,CLOUD_REJECTED,True,2026-09-05T16:27:40Z,CLOUD_REJECTED
FIRMS_TN_0103,PARTIAL_POST_ONLY,MISSING_PRODUCT,REAL_CDSE_SUCCESS,True,2026-09-05T16:27:45Z,
FIRMS_TN_0104,CLOUD_REJECTED,MISSING_PRODUCT,CLOUD_REJECTED,True,2026-09-05T16:27:50Z,CLOUD_REJECTED
FIRMS_TN_0105,CLOUD_REJECTED,MISSING_PRODUCT,CLOUD_REJECTED,True,2026-09-05T16:27:54Z,CLOUD_REJECTED
FIRMS_TN_0106,CLOUD_REJECTED,MISSING_PRODUCT,CLOUD_REJECTED,True,2026-09-05T16:27:59Z,CLOUD_REJECTED
FIRMS_TN_0107,MISSING_PRODUCT,MISSING_PRODUCT,MISSING_PRODUCT,False,2026-09-05T16:28:03Z,MISSING_PRODUCT
FIRMS_TN_0108,MISSING_PRODUCT,MISSING_PRODUCT,MISSING_PRODUCT,False,2026-09-05T16:28:07Z,MISSING_PRODUCT
FIRMS_TN_0109,MISSING_PRODUCT,MISSING_PRODUCT,MISSING_PRODUCT,False,2026-09-05T16:28:12Z,MISSING_PRODUCT
FIRMS_TN_0110,MISSING_PRODUCT,MISSING_PRODUCT,MISSING_PRODUCT,False,2026-09-05T16:28:17Z,MISSING_PRODUCT
FIRMS_TN_0111,CLOUD_REJECTED,MISSING_PRODUCT,CLOUD_REJECTED,True,2026-09-05T16:28:22Z,CLOUD_REJECTED
FIRMS_TN_0112,CLOUD_REJECTED,MISSING_PRODUCT,CLOUD_REJECTED,True,2026-09-05T16:28:29Z,CLOUD_REJECTED
FIRMS_TN_0113,CLOUD_REJECTED,MISSING_PRODUCT,CLOUD_REJECTED,True,2026-09-05T16:28:34Z,CLOUD_REJECTED
FIRMS_TN_0114,MISSING_PRODUCT,MISSING_PRODUCT,MISSING_PRODUCT,False,2026-09-05T16:28:38Z,MISSING_PRODUCT
FIRMS_TN_0115,MISSING_PRODUCT,MISSING_PRODUCT,MISSING_PRODUCT,False,2026-09-05T16:28:43Z,MISSING_PRODUCT
FIRMS_TN_0116,MISSING_PRODUCT,MISSING_PRODUCT,MISSING_PRODUCT,False,2026-09-05T16:28:46Z,MISSING_PRODUCT
FIRMS_TN_0117,MISSING_PRODUCT,MISSING_PRODUCT,MISSING_PRODUCT,False,2026-09-05T16:28:50Z,MISSING_PRODUCT
FIRMS_TN_0118,MISSING_PRODUCT,MISSING_PRODUCT,MISSING_PRODUCT,False,2026-09-05T16:28:55Z,MISSING_PRODUCT
FIRMS_TN_0119,REAL_CDSE_SUCCESS,REAL_CDSE_SUCCESS,REAL_CDSE_SUCCESS,True,2026-09-05T16:29:02Z,
FIRMS_TN_0120,REAL_CDSE_SUCCESS,REAL_CDSE_SUCCESS,REAL_CDSE_SUCCESS,True,2026-09-05T16:29:08Z,
FIRMS_TN_0121,REAL_CDSE_SUCCESS,REAL_CDSE_SUCCESS,REAL_CDSE_SUCCESS,True,2026-09-05T16:29:16Z,
FIRMS_TN_0122,PARTIAL_POST_ONLY,MISSING_PRODUCT,REAL_CDSE_SUCCESS,True,2026-09-05T16:29:22Z,
FIRMS_TN_0123,CLOUD_REJECTED,MISSING_PRODUCT,CLOUD_REJECTED,True,2026-09-05T16:29:28Z,CLOUD_REJECTED
FIRMS_TN_0124,CLOUD_REJECTED,CLOUD_REJECTED,CLOUD_REJECTED,True,2026-09-05T16:29:34Z,CLOUD_REJECTED
FIRMS_TN_0125,PARTIAL_PRE_ONLY,REAL_CDSE_SUCCESS,CLOUD_REJECTED,True,2026-09-05T16:29:41Z,
FIRMS_TN_0126,MISSING_PRODUCT,MISSING_PRODUCT,MISSING_PRODUCT,False,2026-09-05T16:29:48Z,MISSING_PRODUCT
FIRMS_TN_0127,MISSING_PRODUCT,MISSING_PRODUCT,MISSING_PRODUCT,False,2026-09-05T16:29:55Z,MISSING_PRODUCT
FIRMS_TN_0128,MISSING_PRODUCT,MISSING_PRODUCT,MISSING_PRODUCT,False,2026-09-05T16:30:01Z,MISSING_PRODUCT
FIRMS_TN_0129,MISSING_PRODUCT,MISSING_PRODUCT,MISSING_PRODUCT,False,2026-09-05T16:30:06Z,MISSING_PRODUCT
FIRMS_TN_0130,MISSING_PRODUCT,MISSING_PRODUCT,MISSING_PRODUCT,False,2026-09-05T16:30:11Z,MISSING_PRODUCT
FIRMS_TN_0131,MISSING_PRODUCT,MISSING_PRODUCT,MISSING_PRODUCT,False,2026-09-05T16:30:15Z,MISSING_PRODUCT
FIRMS_TN_0132,PARTIAL_PRE_ONLY,REAL_CDSE_SUCCESS,CLOUD_REJECTED,True,2026-09-05T16:30:22Z,
FIRMS_TN_0133,CLOUD_REJECTED,CLOUD_REJECTED,CLOUD_REJECTED,True,2026-09-05T16:30:29Z,CLOUD_REJECTED
FIRMS_TN_0134,CLOUD_REJECTED,CLOUD_REJECTED,CLOUD_REJECTED,True,2026-09-05T16:30:34Z,CLOUD_REJECTED
FIRMS_TN_0135,CLOUD_REJECTED,CLOUD_REJECTED,CLOUD_REJECTED,True,2026-09-05T16:30:41Z,CLOUD_REJECTED
FIRMS_TN_0136,CLOUD_REJECTED,CLOUD_REJECTED,CLOUD_REJECTED,True,2026-09-05T16:30:49Z,CLOUD_REJECTED
FIRMS_TN_0137,CLOUD_REJECTED,CLOUD_REJECTED,CLOUD_REJECTED,True,2026-09-05T16:30:57Z,CLOUD_REJECTED
FIRMS_TN_0138,PARTIAL_POST_ONLY,CLOUD_REJECTED,REAL_CDSE_SUCCESS,True,2026-09-05T16:31:03Z,
FIRMS_TN_0139,PARTIAL_PRE_ONLY,REAL_CDSE_SUCCESS,CLOUD_REJECTED,True,2026-09-05T16:31:14Z,
FIRMS_TN_0140,PARTIAL_PRE_ONLY,REAL_CDSE_SUCCESS,CLOUD_REJECTED,True,2026-09-05T16:31:22Z,
FIRMS_TN_0141,CLOUD_REJECTED,CLOUD_REJECTED,CLOUD_REJECTED,True,2026-09-05T16:31:31Z,CLOUD_REJECTED
FIRMS_TN_0142,CLOUD_REJECTED,CLOUD_REJECTED,CLOUD_REJECTED,True,2026-09-05T16:31:36Z,CLOUD_REJECTED
FIRMS_TN_0143,CLOUD_REJECTED,CLOUD_REJECTED,CLOUD_REJECTED,True,2026-09-05T16:31:43Z,CLOUD_REJECTED
FIRMS_TN_0144,CLOUD_REJECTED,CLOUD_REJECTED,CLOUD_REJECTED,True,2026-09-05T16:31:52Z,CLOUD_REJECTED
FIRMS_TN_0145,PARTIAL_POST_ONLY,CLOUD_REJECTED,REAL_CDSE_SUCCESS,True,2026-09-05T16:31:58Z,
FIRMS_TN_0146,PARTIAL_POST_ONLY,CLOUD_REJECTED,REAL_CDSE_SUCCESS,True,2026-09-05T16:32:08Z,
FIRMS_TN_0147,CLOUD_REJECTED,CLOUD_REJECTED,MISSING_PRODUCT,True,2026-09-05T16:32:14Z,CLOUD_REJECTED
FIRMS_TN_0148,PARTIAL_PRE_ONLY,REAL_CDSE_SUCCESS,CLOUD_REJECTED,True,2026-09-05T16:32:20Z,
FIRMS_TN_0149,PARTIAL_PRE_ONLY,REAL_CDSE_SUCCESS,CLOUD_REJECTED,True,2026-09-05T16:32:25Z,
FIRMS_TN_0150,PARTIAL_PRE_ONLY,REAL_CDSE_SUCCESS,MISSING_PRODUCT,True,2026-09-05T16:32:31Z,
FIRMS_TN_0151,PARTIAL_PRE_ONLY,REAL_CDSE_SUCCESS,MISSING_PRODUCT,True,2026-09-05T16:32:36Z,
FIRMS_TN_0152,CLOUD_REJECTED,CLOUD_REJECTED,MISSING_PRODUCT,True,2026-09-05T16:32:42Z,CLOUD_REJECTED
FIRMS_TN_0153,CLOUD_REJECTED,MISSING_PRODUCT,CLOUD_REJECTED,True,2026-09-05T16:32:47Z,CLOUD_REJECTED
FIRMS_TN_0154,PARTIAL_PRE_ONLY,REAL_CDSE_SUCCESS,MISSING_PRODUCT,True,2026-09-05T16:32:51Z,
FIRMS_TN_0155,CLOUD_REJECTED,CLOUD_REJECTED,MISSING_PRODUCT,True,2026-09-05T16:32:56Z,CLOUD_REJECTED
FIRMS_TN_0156,PARTIAL_PRE_ONLY,REAL_CDSE_SUCCESS,MISSING_PRODUCT,True,2026-09-05T16:33:01Z,
FIRMS_TN_0157,PARTIAL_PRE_ONLY,REAL_CDSE_SUCCESS,MISSING_PRODUCT,True,2026-09-05T16:33:05Z,
FIRMS_TN_0158,CLOUD_REJECTED,CLOUD_REJECTED,MISSING_PRODUCT,True,2026-09-05T16:33:10Z,CLOUD_REJECTED
FIRMS_TN_0159,PARTIAL_PRE_ONLY,REAL_CDSE_SUCCESS,MISSING_PRODUCT,True,2026-09-05T16:33:15Z,
FIRMS_TN_0160,CLOUD_REJECTED,MISSING_PRODUCT,CLOUD_REJECTED,True,2026-09-05T16:33:19Z,CLOUD_REJECTED
FIRMS_TN_0161,PARTIAL_PRE_ONLY,REAL_CDSE_SUCCESS,CLOUD_REJECTED,True,2026-09-05T16:33:24Z,
FIRMS_TN_0162,PARTIAL_POST_ONLY,CLOUD_REJECTED,REAL_CDSE_SUCCESS,True,2026-09-05T16:33:31Z,
FIRMS_TN_0163,CLOUD_REJECTED,MISSING_PRODUCT,CLOUD_REJECTED,True,2026-09-05T16:33:37Z,CLOUD_REJECTED
FIRMS_TN_0164,PARTIAL_POST_ONLY,MISSING_PRODUCT,REAL_CDSE_SUCCESS,True,2026-09-05T16:33:42Z,
FIRMS_TN_0165,CLOUD_REJECTED,MISSING_PRODUCT,CLOUD_REJECTED,True,2026-09-05T16:33:46Z,CLOUD_REJECTED
FIRMS_TN_0166,CLOUD_REJECTED,CLOUD_REJECTED,CLOUD_REJECTED,True,2026-09-05T16:33:52Z,CLOUD_REJECTED
FIRMS_TN_0167,CLOUD_REJECTED,CLOUD_REJECTED,CLOUD_REJECTED,True,2026-09-05T16:33:57Z,CLOUD_REJECTED
FIRMS_TN_0168,CLOUD_REJECTED,MISSING_PRODUCT,CLOUD_REJECTED,True,2026-09-05T16:34:01Z,CLOUD_REJECTED
FIRMS_TN_0169,PARTIAL_POST_ONLY,MISSING_PRODUCT,REAL_CDSE_SUCCESS,True,2026-09-05T16:34:06Z,
FIRMS_TN_0170,PARTIAL_PRE_ONLY,REAL_CDSE_SUCCESS,CLOUD_REJECTED,True,2026-09-05T16:34:11Z,
FIRMS_TN_0171,CLOUD_REJECTED,CLOUD_REJECTED,CLOUD_REJECTED,True,2026-09-05T16:34:16Z,CLOUD_REJECTED
FIRMS_TN_0172,CLOUD_REJECTED,MISSING_PRODUCT,CLOUD_REJECTED,True,2026-09-05T16:34:20Z,CLOUD_REJECTED
FIRMS_TN_0173,CLOUD_REJECTED,MISSING_PRODUCT,CLOUD_REJECTED,True,2026-09-05T16:34:24Z,CLOUD_REJECTED
FIRMS_TN_0174,PARTIAL_POST_ONLY,MISSING_PRODUCT,REAL_CDSE_SUCCESS,True,2026-09-05T16:34:29Z,
FIRMS_TN_0175,PARTIAL_PRE_ONLY,REAL_CDSE_SUCCESS,CLOUD_REJECTED,True,2026-09-05T16:34:34Z,
FIRMS_TN_0176,PARTIAL_POST_ONLY,CLOUD_REJECTED,REAL_CDSE_SUCCESS,True,2026-09-05T16:34:39Z,
FIRMS_TN_0177,REAL_CDSE_SUCCESS,REAL_CDSE_SUCCESS,REAL_CDSE_SUCCESS,True,2026-09-05T16:34:45Z,
FIRMS_TN_0178,CLOUD_REJECTED,MISSING_PRODUCT,CLOUD_REJECTED,True,2026-09-05T16:34:50Z,CLOUD_REJECTED
FIRMS_TN_0179,CLOUD_REJECTED,MISSING_PRODUCT,CLOUD_REJECTED,True,2026-09-05T16:34:54Z,CLOUD_REJECTED
FIRMS_TN_0180,CLOUD_REJECTED,CLOUD_REJECTED,CLOUD_REJECTED,True,2026-09-05T16:34:59Z,CLOUD_REJECTED
FIRMS_TN_0181,CLOUD_REJECTED,CLOUD_REJECTED,CLOUD_REJECTED,True,2026-09-05T16:35:04Z,CLOUD_REJECTED
FIRMS_TN_0182,CLOUD_REJECTED,MISSING_PRODUCT,CLOUD_REJECTED,True,2026-09-05T16:35:08Z,CLOUD_REJECTED
FIRMS_TN_0183,PARTIAL_POST_ONLY,MISSING_PRODUCT,REAL_CDSE_SUCCESS,True,2026-09-05T16:35:13Z,
FIRMS_TN_0184,CLOUD_REJECTED,CLOUD_REJECTED,CLOUD_REJECTED,True,2026-09-05T16:35:18Z,CLOUD_REJECTED
FIRMS_TN_0185,PARTIAL_POST_ONLY,MISSING_PRODUCT,REAL_CDSE_SUCCESS,True,2026-09-05T16:35:23Z,
FIRMS_TN_0186,CLOUD_REJECTED,MISSING_PRODUCT,CLOUD_REJECTED,True,2026-09-05T16:35:28Z,CLOUD_REJECTED
FIRMS_TN_0187,CLOUD_REJECTED,CLOUD_REJECTED,CLOUD_REJECTED,True,2026-09-05T16:35:34Z,CLOUD_REJECTED
FIRMS_TN_0188,PARTIAL_POST_ONLY,MISSING_PRODUCT,REAL_CDSE_SUCCESS,True,2026-09-05T16:35:38Z,
FIRMS_TN_0189,CLOUD_REJECTED,MISSING_PRODUCT,CLOUD_REJECTED,True,2026-09-05T16:35:45Z,CLOUD_REJECTED
FIRMS_TN_0190,CLOUD_REJECTED,MISSING_PRODUCT,CLOUD_REJECTED,True,2026-09-05T16:35:50Z,CLOUD_REJECTED
FIRMS_TN_0191,PARTIAL_POST_ONLY,MISSING_PRODUCT,REAL_CDSE_SUCCESS,True,2026-09-05T16:35:56Z,
FIRMS_TN_0192,PARTIAL_POST_ONLY,CLOUD_REJECTED,REAL_CDSE_SUCCESS,True,2026-09-05T16:36:03Z,
FIRMS_TN_0193,PARTIAL_POST_ONLY,MISSING_PRODUCT,REAL_CDSE_SUCCESS,True,2026-09-05T16:36:09Z,
FIRMS_TN_0194,PARTIAL_POST_ONLY,MISSING_PRODUCT,REAL_CDSE_SUCCESS,True,2026-09-05T16:36:15Z,
FIRMS_TN_0195,CLOUD_REJECTED,MISSING_PRODUCT,CLOUD_REJECTED,True,2026-09-05T16:36:19Z,CLOUD_REJECTED
FIRMS_TN_0196,CLOUD_REJECTED,MISSING_PRODUCT,CLOUD_REJECTED,True,2026-09-05T16:36:23Z,CLOUD_REJECTED
FIRMS_TN_0197,CLOUD_REJECTED,CLOUD_REJECTED,CLOUD_REJECTED,True,2026-09-05T16:36:28Z,CLOUD_REJECTED
FIRMS_TN_0198,REAL_CDSE_SUCCESS,REAL_CDSE_SUCCESS,REAL_CDSE_SUCCESS,True,2026-09-05T16:36:32Z,
FIRMS_TN_0199,CLOUD_REJECTED,MISSING_PRODUCT,CLOUD_REJECTED,True,2026-09-05T16:36:37Z,CLOUD_REJECTED
FIRMS_TN_0200,REAL_CDSE_SUCCESS,REAL_CDSE_SUCCESS,REAL_CDSE_SUCCESS,True,2026-09-05T16:36:43Z,
FIRMS_TN_0201,REAL_CDSE_SUCCESS,REAL_CDSE_SUCCESS,REAL_CDSE_SUCCESS,True,2026-09-05T16:36:48Z,
FIRMS_TN_0202,PARTIAL_POST_ONLY,CLOUD_REJECTED,REAL_CDSE_SUCCESS,True,2026-09-05T16:36:54Z,
FIRMS_TN_0203,PARTIAL_PRE_ONLY,REAL_CDSE_SUCCESS,CLOUD_REJECTED,True,2026-09-05T16:36:58Z,
FIRMS_TN_0204,PARTIAL_PRE_ONLY,REAL_CDSE_SUCCESS,CLOUD_REJECTED,True,2026-09-05T16:37:06Z,
FIRMS_TN_0205,CLOUD_REJECTED,CLOUD_REJECTED,CLOUD_REJECTED,True,2026-09-05T16:37:13Z,CLOUD_REJECTED
FIRMS_TN_0206,CLOUD_REJECTED,CLOUD_REJECTED,CLOUD_REJECTED,True,2026-09-05T16:37:18Z,CLOUD_REJECTED
FIRMS_TN_0207,PARTIAL_POST_ONLY,CLOUD_REJECTED,REAL_CDSE_SUCCESS,True,2026-09-05T16:37:26Z,
FIRMS_TN_0208,PARTIAL_POST_ONLY,CLOUD_REJECTED,REAL_CDSE_SUCCESS,True,2026-09-05T16:37:31Z,
FIRMS_TN_0209,CLOUD_REJECTED,CLOUD_REJECTED,MISSING_PRODUCT,True,2026-09-05T16:37:35Z,CLOUD_REJECTED
FIRMS_TN_0210,REAL_CDSE_SUCCESS,REAL_CDSE_SUCCESS,REAL_CDSE_SUCCESS,True,2026-09-05T16:37:40Z,
FIRMS_TN_0211,PARTIAL_POST_ONLY,CLOUD_REJECTED,REAL_CDSE_SUCCESS,True,2026-09-05T16:37:45Z,
FIRMS_TN_0212,CLOUD_REJECTED,CLOUD_REJECTED,CLOUD_REJECTED,True,2026-09-05T16:37:50Z,CLOUD_REJECTED
FIRMS_TN_0213,PARTIAL_POST_ONLY,MISSING_PRODUCT,REAL_CDSE_SUCCESS,True,2026-09-05T16:37:54Z,
FIRMS_TN_0214,PARTIAL_POST_ONLY,CLOUD_REJECTED,REAL_CDSE_SUCCESS,True,2026-09-05T16:37:58Z,
FIRMS_TN_0215,PARTIAL_PRE_ONLY,REAL_CDSE_SUCCESS,MISSING_PRODUCT,True,2026-09-05T16:38:01Z,
FIRMS_TN_0216,CLOUD_REJECTED,CLOUD_REJECTED,CLOUD_REJECTED,True,2026-09-05T16:38:06Z,CLOUD_REJECTED
FIRMS_TN_0217,CLOUD_REJECTED,MISSING_PRODUCT,CLOUD_REJECTED,True,2026-09-05T16:38:11Z,CLOUD_REJECTED
FIRMS_TN_0218,PARTIAL_POST_ONLY,CLOUD_REJECTED,REAL_CDSE_SUCCESS,True,2026-09-05T16:38:17Z,
FIRMS_TN_0219,REAL_CDSE_SUCCESS,REAL_CDSE_SUCCESS,REAL_CDSE_SUCCESS,True,2026-09-05T16:38:22Z,
FIRMS_TN_0220,CLOUD_REJECTED,CLOUD_REJECTED,CLOUD_REJECTED,True,2026-09-05T16:38:26Z,CLOUD_REJECTED
FIRMS_TN_0221,PARTIAL_POST_ONLY,CLOUD_REJECTED,REAL_CDSE_SUCCESS,True,2026-09-05T16:38:31Z,
FIRMS_TN_0222,CLOUD_REJECTED,CLOUD_REJECTED,CLOUD_REJECTED,True,2026-09-05T16:38:36Z,CLOUD_REJECTED
FIRMS_TN_0223,REAL_CDSE_SUCCESS,REAL_CDSE_SUCCESS,REAL_CDSE_SUCCESS,True,2026-09-05T16:38:40Z,
FIRMS_TN_0224,PARTIAL_POST_ONLY,CLOUD_REJECTED,REAL_CDSE_SUCCESS,True,2026-09-05T16:38:46Z,
FIRMS_TN_0225,REAL_CDSE_SUCCESS,REAL_CDSE_SUCCESS,REAL_CDSE_SUCCESS,True,2026-09-05T16:38:51Z,
FIRMS_TN_0226,REAL_CDSE_SUCCESS,REAL_CDSE_SUCCESS,REAL_CDSE_SUCCESS,True,2026-09-05T16:38:55Z,
FIRMS_TN_0227,PARTIAL_POST_ONLY,MISSING_PRODUCT,REAL_CDSE_SUCCESS,True,2026-09-05T16:39:00Z,
FIRMS_TN_0228,PARTIAL_POST_ONLY,MISSING_PRODUCT,REAL_CDSE_SUCCESS,True,2026-09-05T16:39:05Z,
FIRMS_TN_0229,PARTIAL_POST_ONLY,CLOUD_REJECTED,REAL_CDSE_SUCCESS,True,2026-09-05T16:39:10Z,
FIRMS_TN_0230,REAL_CDSE_SUCCESS,REAL_CDSE_SUCCESS,REAL_CDSE_SUCCESS,True,2026-09-05T16:39:14Z,
FIRMS_TN_0231,PARTIAL_PRE_ONLY,REAL_CDSE_SUCCESS,CLOUD_REJECTED,True,2026-09-05T16:39:20Z,
FIRMS_TN_0232,CLOUD_REJECTED,CLOUD_REJECTED,CLOUD_REJECTED,True,2026-09-05T16:39:25Z,CLOUD_REJECTED
FIRMS_TN_0233,PARTIAL_POST_ONLY,CLOUD_REJECTED,REAL_CDSE_SUCCESS,True,2026-09-05T16:39:31Z,
FIRMS_TN_0234,CLOUD_REJECTED,MISSING_PRODUCT,CLOUD_REJECTED,True,2026-09-05T16:39:35Z,CLOUD_REJECTED
FIRMS_TN_0235,CLOUD_REJECTED,MISSING_PRODUCT,CLOUD_REJECTED,True,2026-09-05T16:39:38Z,CLOUD_REJECTED
FIRMS_TN_0236,CLOUD_REJECTED,CLOUD_REJECTED,CLOUD_REJECTED,True,2026-09-05T16:39:42Z,CLOUD_REJECTED
FIRMS_TN_0237,CLOUD_REJECTED,CLOUD_REJECTED,CLOUD_REJECTED,True,2026-09-05T16:39:47Z,CLOUD_REJECTED
FIRMS_TN_0238,PARTIAL_POST_ONLY,CLOUD_REJECTED,REAL_CDSE_SUCCESS,True,2026-09-05T16:39:51Z,
FIRMS_TN_0239,PARTIAL_POST_ONLY,CLOUD_REJECTED,REAL_CDSE_SUCCESS,True,2026-09-05T16:39:56Z,
FIRMS_TN_0240,PARTIAL_POST_ONLY,CLOUD_REJECTED,REAL_CDSE_SUCCESS,True,2026-09-05T16:39:59Z,
FIRMS_TN_0241,PARTIAL_PRE_ONLY,REAL_CDSE_SUCCESS,CLOUD_REJECTED,True,2026-09-05T16:40:04Z,
FIRMS_TN_0242,CLOUD_REJECTED,CLOUD_REJECTED,CLOUD_REJECTED,True,2026-09-05T16:40:09Z,CLOUD_REJECTED
FIRMS_TN_0243,PARTIAL_PRE_ONLY,REAL_CDSE_SUCCESS,CLOUD_REJECTED,True,2026-09-05T16:40:13Z,
FIRMS_TN_0244,PARTIAL_PRE_ONLY,REAL_CDSE_SUCCESS,CLOUD_REJECTED,True,2026-09-05T16:40:19Z,
FIRMS_TN_0245,PARTIAL_PRE_ONLY,REAL_CDSE_SUCCESS,CLOUD_REJECTED,True,2026-09-05T16:40:23Z,
FIRMS_TN_0246,PARTIAL_PRE_ONLY,REAL_CDSE_SUCCESS,MISSING_PRODUCT,True,2026-09-05T16:40:27Z,
FIRMS_TN_0247,PARTIAL_POST_ONLY,MISSING_PRODUCT,REAL_CDSE_SUCCESS,True,2026-09-05T16:40:33Z,
FIRMS_TN_0248,CLOUD_REJECTED,CLOUD_REJECTED,CLOUD_REJECTED,True,2026-09-05T16:40:37Z,CLOUD_REJECTED
FIRMS_TN_0249,CLOUD_REJECTED,CLOUD_REJECTED,CLOUD_REJECTED,True,2026-09-05T16:40:45Z,CLOUD_REJECTED
FIRMS_TN_0250,PARTIAL_PRE_ONLY,REAL_CDSE_SUCCESS,CLOUD_REJECTED,True,2026-09-05T16:40:51Z,
FIRMS_TN_0251,PARTIAL_POST_ONLY,MISSING_PRODUCT,REAL_CDSE_SUCCESS,True,2026-09-05T16:40:54Z,
FIRMS_TN_0252,MISSING_PRODUCT,MISSING_PRODUCT,MISSING_PRODUCT,False,2026-09-05T16:40:58Z,MISSING_PRODUCT
FIRMS_TN_0253,MISSING_PRODUCT,MISSING_PRODUCT,MISSING_PRODUCT,False,2026-09-05T16:41:03Z,MISSING_PRODUCT
FIRMS_TN_0254,REAL_CDSE_SUCCESS,REAL_CDSE_SUCCESS,REAL_CDSE_SUCCESS,True,2026-09-05T16:41:09Z,
FIRMS_TN_0255,CLOUD_REJECTED,CLOUD_REJECTED,CLOUD_REJECTED,True,2026-09-05T16:41:15Z,CLOUD_REJECTED
FIRMS_TN_0256,REAL_CDSE_SUCCESS,REAL_CDSE_SUCCESS,REAL_CDSE_SUCCESS,True,2026-09-05T16:41:21Z,
FIRMS_TN_0257,REAL_CDSE_SUCCESS,REAL_CDSE_SUCCESS,REAL_CDSE_SUCCESS,True,2026-09-05T16:41:26Z,
FIRMS_TN_0258,PARTIAL_PRE_ONLY,REAL_CDSE_SUCCESS,MISSING_PRODUCT,True,2026-09-05T16:41:29Z,
FIRMS_TN_0259,REAL_CDSE_SUCCESS,REAL_CDSE_SUCCESS,REAL_CDSE_SUCCESS,True,2026-09-05T16:41:34Z,
FIRMS_TN_0260,REAL_CDSE_SUCCESS,REAL_CDSE_SUCCESS,REAL_CDSE_SUCCESS,True,2026-09-05T16:41:38Z,
FIRMS_TN_0261,REAL_CDSE_SUCCESS,REAL_CDSE_SUCCESS,REAL_CDSE_SUCCESS,True,2026-09-05T16:41:42Z,
FIRMS_TN_0262,PARTIAL_PRE_ONLY,REAL_CDSE_SUCCESS,MISSING_PRODUCT,True,2026-09-05T16:41:45Z,
FIRMS_TN_0263,CLOUD_REJECTED,CLOUD_REJECTED,MISSING_PRODUCT,True,2026-09-05T16:41:48Z,CLOUD_REJECTED
FIRMS_TN_0264,PARTIAL_POST_ONLY,CLOUD_REJECTED,REAL_CDSE_SUCCESS,True,2026-09-05T16:41:52Z,
FIRMS_TN_0265,PARTIAL_PRE_ONLY,REAL_CDSE_SUCCESS,MISSING_PRODUCT,True,2026-09-05T16:41:56Z,
FIRMS_TN_0266,PARTIAL_PRE_ONLY,REAL_CDSE_SUCCESS,MISSING_PRODUCT,True,2026-09-05T16:42:01Z,
FIRMS_TN_0267,REAL_CDSE_SUCCESS,REAL_CDSE_SUCCESS,REAL_CDSE_SUCCESS,True,2026-09-05T16:42:06Z,
FIRMS_TN_0268,PARTIAL_PRE_ONLY,REAL_CDSE_SUCCESS,CLOUD_REJECTED,True,2026-09-05T16:42:11Z,
FIRMS_TN_0269,CLOUD_REJECTED,CLOUD_REJECTED,CLOUD_REJECTED,True,2026-09-05T16:42:16Z,CLOUD_REJECTED
FIRMS_TN_0270,REAL_CDSE_SUCCESS,REAL_CDSE_SUCCESS,REAL_CDSE_SUCCESS,True,2026-09-05T16:42:21Z,
FIRMS_TN_0271,CLOUD_REJECTED,CLOUD_REJECTED,CLOUD_REJECTED,True,2026-09-05T16:42:30Z,CLOUD_REJECTED
FIRMS_TN_0272,CLOUD_REJECTED,CLOUD_REJECTED,CLOUD_REJECTED,True,2026-09-05T16:42:34Z,CLOUD_REJECTED
FIRMS_TN_0273,CLOUD_REJECTED,CLOUD_REJECTED,CLOUD_REJECTED,True,2026-09-05T16:42:38Z,CLOUD_REJECTED
FIRMS_TN_0274,CLOUD_REJECTED,CLOUD_REJECTED,CLOUD_REJECTED,True,2026-09-05T16:42:42Z,CLOUD_REJECTED
FIRMS_TN_0275,PARTIAL_PRE_ONLY,REAL_CDSE_SUCCESS,CLOUD_REJECTED,True,2026-09-05T16:42:46Z,
FIRMS_TN_0276,PARTIAL_POST_ONLY,MISSING_PRODUCT,REAL_CDSE_SUCCESS,True,2026-09-05T16:42:50Z,
FIRMS_TN_0277,CLOUD_REJECTED,MISSING_PRODUCT,CLOUD_REJECTED,True,2026-09-05T16:42:54Z,CLOUD_REJECTED
FIRMS_TN_0278,REAL_CDSE_SUCCESS,REAL_CDSE_SUCCESS,REAL_CDSE_SUCCESS,True,2026-09-05T16:42:58Z,
FIRMS_TN_0279,REAL_CDSE_SUCCESS,REAL_CDSE_SUCCESS,REAL_CDSE_SUCCESS,True,2026-09-05T16:43:02Z,
FIRMS_TN_0280,REAL_CDSE_SUCCESS,REAL_CDSE_SUCCESS,REAL_CDSE_SUCCESS,True,2026-09-05T16:43:08Z,
FIRMS_TN_0281,CLOUD_REJECTED,CLOUD_REJECTED,CLOUD_REJECTED,True,2026-09-05T16:43:13Z,CLOUD_REJECTED
FIRMS_TN_0282,CLOUD_REJECTED,CLOUD_REJECTED,CLOUD_REJECTED,True,2026-09-05T16:43:17Z,CLOUD_REJECTED
FIRMS_TN_0283,CLOUD_REJECTED,CLOUD_REJECTED,CLOUD_REJECTED,True,2026-09-05T16:43:23Z,CLOUD_REJECTED
FIRMS_TN_0284,PARTIAL_PRE_ONLY,REAL_CDSE_SUCCESS,MISSING_PRODUCT,True,2026-09-05T16:43:27Z,
FIRMS_TN_0285,PARTIAL_PRE_ONLY,REAL_CDSE_SUCCESS,MISSING_PRODUCT,True,2026-09-05T16:43:29Z,
FIRMS_TN_0286,PARTIAL_POST_ONLY,CLOUD_REJECTED,REAL_CDSE_SUCCESS,True,2026-09-05T16:43:34Z,
FIRMS_TN_0287,PARTIAL_POST_ONLY,CLOUD_REJECTED,REAL_CDSE_SUCCESS,True,2026-09-05T16:43:39Z,
FIRMS_TN_0288,CLOUD_REJECTED,CLOUD_REJECTED,MISSING_PRODUCT,True,2026-09-05T16:43:42Z,CLOUD_REJECTED
FIRMS_TN_0289,PARTIAL_PRE_ONLY,REAL_CDSE_SUCCESS,MISSING_PRODUCT,True,2026-09-05T16:43:45Z,
FIRMS_TN_0290,CLOUD_REJECTED,CLOUD_REJECTED,CLOUD_REJECTED,True,2026-09-05T16:43:50Z,CLOUD_REJECTED
FIRMS_TN_0291,CLOUD_REJECTED,CLOUD_REJECTED,MISSING_PRODUCT,True,2026-09-05T16:43:54Z,CLOUD_REJECTED
FIRMS_TN_0292,PARTIAL_POST_ONLY,MISSING_PRODUCT,REAL_CDSE_SUCCESS,True,2026-09-05T16:43:58Z,
FIRMS_TN_0293,PARTIAL_POST_ONLY,MISSING_PRODUCT,REAL_CDSE_SUCCESS,True,2026-09-05T16:44:02Z,
FIRMS_TN_0294,PARTIAL_POST_ONLY,CLOUD_REJECTED,REAL_CDSE_SUCCESS,True,2026-09-05T16:44:06Z,
FIRMS_TN_0295,CLOUD_REJECTED,CLOUD_REJECTED,MISSING_PRODUCT,True,2026-09-05T16:44:09Z,CLOUD_REJECTED
FIRMS_TN_0296,PARTIAL_PRE_ONLY,REAL_CDSE_SUCCESS,MISSING_PRODUCT,True,2026-09-05T16:44:13Z,
FIRMS_TN_0297,PARTIAL_PRE_ONLY,REAL_CDSE_SUCCESS,MISSING_PRODUCT,True,2026-09-05T16:44:17Z,
FIRMS_TN_0298,PARTIAL_PRE_ONLY,REAL_CDSE_SUCCESS,MISSING_PRODUCT,True,2026-09-05T16:44:21Z,
FIRMS_TN_0299,PARTIAL_PRE_ONLY,REAL_CDSE_SUCCESS,MISSING_PRODUCT,True,2026-09-05T16:44:26Z,
FIRMS_TN_0300,PARTIAL_PRE_ONLY,REAL_CDSE_SUCCESS,CLOUD_REJECTED,True,2026-09-05T16:44:32Z,
FIRMS_TN_0301,PARTIAL_PRE_ONLY,REAL_CDSE_SUCCESS,MISSING_PRODUCT,True,2026-09-05T16:44:35Z,
FIRMS_TN_0302,CLOUD_REJECTED,CLOUD_REJECTED,MISSING_PRODUCT,True,2026-09-05T16:44:40Z,CLOUD_REJECTED
FIRMS_TN_0303,CLOUD_REJECTED,CLOUD_REJECTED,MISSING_PRODUCT,True,2026-09-05T16:44:44Z,CLOUD_REJECTED
FIRMS_TN_0304,PARTIAL_PRE_ONLY,REAL_CDSE_SUCCESS,MISSING_PRODUCT,True,2026-09-05T16:44:48Z,
FIRMS_TN_0305,REAL_CDSE_SUCCESS,REAL_CDSE_SUCCESS,REAL_CDSE_SUCCESS,True,2026-09-05T16:44:53Z,
FIRMS_TN_0306,CLOUD_REJECTED,CLOUD_REJECTED,MISSING_PRODUCT,True,2026-09-05T16:44:59Z,CLOUD_REJECTED
FIRMS_TN_0307,CLOUD_REJECTED,CLOUD_REJECTED,MISSING_PRODUCT,True,2026-09-05T16:45:04Z,CLOUD_REJECTED
FIRMS_TN_0308,CLOUD_REJECTED,CLOUD_REJECTED,MISSING_PRODUCT,True,2026-09-05T16:45:08Z,CLOUD_REJECTED
FIRMS_TN_0309,PARTIAL_PRE_ONLY,REAL_CDSE_SUCCESS,MISSING_PRODUCT,True,2026-09-05T16:45:15Z,
FIRMS_TN_0310,REAL_CDSE_SUCCESS,REAL_CDSE_SUCCESS,REAL_CDSE_SUCCESS,True,2026-09-05T16:45:22Z,
FIRMS_TN_0311,PARTIAL_PRE_ONLY,REAL_CDSE_SUCCESS,MISSING_PRODUCT,True,2026-09-05T16:45:27Z,
FIRMS_TN_0312,PARTIAL_PRE_ONLY,REAL_CDSE_SUCCESS,MISSING_PRODUCT,True,2026-09-05T16:45:31Z,
FIRMS_TN_0313,CLOUD_REJECTED,CLOUD_REJECTED,CLOUD_REJECTED,True,2026-09-05T16:45:36Z,CLOUD_REJECTED
FIRMS_TN_0314,PARTIAL_PRE_ONLY,REAL_CDSE_SUCCESS,CLOUD_REJECTED,True,2026-09-05T16:45:42Z,
FIRMS_TN_0315,PARTIAL_POST_ONLY,CLOUD_REJECTED,REAL_CDSE_SUCCESS,True,2026-09-05T16:45:47Z,
FIRMS_TN_0316,CLOUD_REJECTED,CLOUD_REJECTED,CLOUD_REJECTED,True,2026-09-05T16:45:53Z,CLOUD_REJECTED
FIRMS_TN_0317,CLOUD_REJECTED,CLOUD_REJECTED,MISSING_PRODUCT,True,2026-09-05T16:45:58Z,CLOUD_REJECTED
FIRMS_TN_0318,CLOUD_REJECTED,MISSING_PRODUCT,CLOUD_REJECTED,True,2026-09-05T16:46:03Z,CLOUD_REJECTED
FIRMS_TN_0319,CLOUD_REJECTED,CLOUD_REJECTED,MISSING_PRODUCT,True,2026-09-05T16:46:08Z,CLOUD_REJECTED
FIRMS_TN_0320,PARTIAL_PRE_ONLY,REAL_CDSE_SUCCESS,CLOUD_REJECTED,True,2026-09-05T16:46:13Z,
FIRMS_TN_0321,PARTIAL_PRE_ONLY,REAL_CDSE_SUCCESS,CLOUD_REJECTED,True,2026-09-05T16:46:18Z,
FIRMS_TN_0322,PARTIAL_POST_ONLY,CLOUD_REJECTED,REAL_CDSE_SUCCESS,True,2026-09-05T16:46:23Z,
FIRMS_TN_0323,CLOUD_REJECTED,CLOUD_REJECTED,MISSING_PRODUCT,True,2026-09-05T16:46:28Z,CLOUD_REJECTED
FIRMS_TN_0324,PARTIAL_PRE_ONLY,REAL_CDSE_SUCCESS,CLOUD_REJECTED,True,2026-09-05T16:46:33Z,
FIRMS_TN_0325,REAL_CDSE_SUCCESS,REAL_CDSE_SUCCESS,REAL_CDSE_SUCCESS,True,2026-09-05T16:46:38Z,
FIRMS_TN_0326,CLOUD_REJECTED,CLOUD_REJECTED,CLOUD_REJECTED,True,2026-09-05T16:46:43Z,CLOUD_REJECTED
FIRMS_TN_0327,PARTIAL_POST_ONLY,CLOUD_REJECTED,REAL_CDSE_SUCCESS,True,2026-09-05T16:46:49Z,
FIRMS_TN_0328,PARTIAL_PRE_ONLY,REAL_CDSE_SUCCESS,MISSING_PRODUCT,True,2026-09-05T16:46:54Z,
FIRMS_TN_0329,PARTIAL_PRE_ONLY,REAL_CDSE_SUCCESS,MISSING_PRODUCT,True,2026-09-05T16:46:58Z,
FIRMS_TN_0330,REAL_CDSE_SUCCESS,REAL_CDSE_SUCCESS,REAL_CDSE_SUCCESS,True,2026-09-05T16:47:05Z,
FIRMS_TN_0331,REAL_CDSE_SUCCESS,REAL_CDSE_SUCCESS,REAL_CDSE_SUCCESS,True,2026-09-05T16:47:11Z,
FIRMS_TN_0332,REAL_CDSE_SUCCESS,REAL_CDSE_SUCCESS,REAL_CDSE_SUCCESS,True,2026-09-05T16:47:17Z,
FIRMS_TN_0333,PARTIAL_PRE_ONLY,REAL_CDSE_SUCCESS,MISSING_PRODUCT,True,2026-09-05T16:47:20Z,
FIRMS_TN_0334,CLOUD_REJECTED,CLOUD_REJECTED,MISSING_PRODUCT,True,2026-09-05T16:47:24Z,CLOUD_REJECTED
FIRMS_TN_0335,PARTIAL_PRE_ONLY,REAL_CDSE_SUCCESS,MISSING_PRODUCT,True,2026-09-05T16:47:29Z,
FIRMS_TN_0336,REAL_CDSE_SUCCESS,REAL_CDSE_SUCCESS,REAL_CDSE_SUCCESS,True,2026-09-05T16:47:34Z,
FIRMS_TN_0337,PARTIAL_PRE_ONLY,REAL_CDSE_SUCCESS,MISSING_PRODUCT,True,2026-09-05T16:47:40Z,
FIRMS_TN_0338,PARTIAL_PRE_ONLY,REAL_CDSE_SUCCESS,CLOUD_REJECTED,True,2026-09-05T16:47:48Z,
FIRMS_TN_0339,REAL_CDSE_SUCCESS,REAL_CDSE_SUCCESS,REAL_CDSE_SUCCESS,True,2026-09-05T16:47:54Z,
FIRMS_TN_0340,CLOUD_REJECTED,CLOUD_REJECTED,MISSING_PRODUCT,True,2026-09-05T16:48:00Z,CLOUD_REJECTED
FIRMS_TN_0341,CLOUD_REJECTED,CLOUD_REJECTED,MISSING_PRODUCT,True,2026-09-05T16:48:05Z,CLOUD_REJECTED
FIRMS_TN_0342,MISSING_PRODUCT,MISSING_PRODUCT,MISSING_PRODUCT,False,2026-09-05T16:48:09Z,MISSING_PRODUCT
FIRMS_TN_0343,PARTIAL_POST_ONLY,CLOUD_REJECTED,REAL_CDSE_SUCCESS,True,2026-09-05T16:48:14Z,
FIRMS_TN_0344,PARTIAL_POST_ONLY,CLOUD_REJECTED,REAL_CDSE_SUCCESS,True,2026-09-05T16:48:20Z,
FIRMS_TN_0345,REAL_CDSE_SUCCESS,REAL_CDSE_SUCCESS,REAL_CDSE_SUCCESS,True,2026-09-05T16:48:25Z,
FIRMS_TN_0346,CLOUD_REJECTED,CLOUD_REJECTED,MISSING_PRODUCT,True,2026-09-05T16:48:30Z,CLOUD_REJECTED
FIRMS_TN_0347,PARTIAL_POST_ONLY,CLOUD_REJECTED,REAL_CDSE_SUCCESS,True,2026-09-05T16:48:35Z,
FIRMS_TN_0348,MISSING_PRODUCT,MISSING_PRODUCT,MISSING_PRODUCT,False,2026-09-05T16:48:39Z,MISSING_PRODUCT
FIRMS_TN_0349,CLOUD_REJECTED,CLOUD_REJECTED,MISSING_PRODUCT,True,2026-09-05T16:48:44Z,CLOUD_REJECTED
FIRMS_TN_0350,PARTIAL_PRE_ONLY,REAL_CDSE_SUCCESS,CLOUD_REJECTED,True,2026-09-05T16:48:49Z,
FIRMS_TN_0351,CLOUD_REJECTED,CLOUD_REJECTED,CLOUD_REJECTED,True,2026-09-05T16:48:53Z,CLOUD_REJECTED
FIRMS_TN_0352,REAL_CDSE_SUCCESS,REAL_CDSE_SUCCESS,REAL_CDSE_SUCCESS,True,2026-09-05T16:48:57Z,
FIRMS_TN_0353,CLOUD_REJECTED,CLOUD_REJECTED,MISSING_PRODUCT,True,2026-09-05T16:49:01Z,CLOUD_REJECTED
FIRMS_TN_0354,CLOUD_REJECTED,CLOUD_REJECTED,MISSING_PRODUCT,True,2026-09-05T16:49:05Z,CLOUD_REJECTED
FIRMS_TN_0355,REAL_CDSE_SUCCESS,REAL_CDSE_SUCCESS,REAL_CDSE_SUCCESS,True,2026-09-05T16:49:09Z,
FIRMS_TN_0356,CLOUD_REJECTED,CLOUD_REJECTED,CLOUD_REJECTED,True,2026-09-05T16:49:14Z,CLOUD_REJECTED
FIRMS_TN_0357,CLOUD_REJECTED,CLOUD_REJECTED,MISSING_PRODUCT,True,2026-09-05T16:49:18Z,CLOUD_REJECTED
FIRMS_TN_0358,CLOUD_REJECTED,CLOUD_REJECTED,CLOUD_REJECTED,True,2026-09-05T16:49:24Z,CLOUD_REJECTED
FIRMS_TN_0359,CLOUD_REJECTED,CLOUD_REJECTED,CLOUD_REJECTED,True,2026-09-05T17:45:12Z,CLOUD_REJECTED
FIRMS_TN_0360,CLOUD_REJECTED,CLOUD_REJECTED,CLOUD_REJECTED,True,2026-09-05T17:45:15Z,CLOUD_REJECTED
FIRMS_TN_0361,CLOUD_REJECTED,CLOUD_REJECTED,CLOUD_REJECTED,True,2026-09-05T17:45:19Z,CLOUD_REJECTED
FIRMS_TN_0362,CLOUD_REJECTED,CLOUD_REJECTED,CLOUD_REJECTED,True,2026-09-05T17:45:22Z,CLOUD_REJECTED
FIRMS_TN_0363,CLOUD_REJECTED,CLOUD_REJECTED,CLOUD_REJECTED,True,2026-09-05T17:45:26Z,CLOUD_REJECTED
FIRMS_TN_0364,CLOUD_REJECTED,CLOUD_REJECTED,CLOUD_REJECTED,True,2026-09-05T17:45:30Z,CLOUD_REJECTED
FIRMS_TN_0365,CLOUD_REJECTED,CLOUD_REJECTED,CLOUD_REJECTED,True,2026-09-05T17:45:33Z,CLOUD_REJECTED
FIRMS_TN_0366,MISSING_PRODUCT,MISSING_PRODUCT,MISSING_PRODUCT,False,2026-09-05T16:49:51Z,MISSING_PRODUCT
FIRMS_TN_0367,CLOUD_REJECTED,CLOUD_REJECTED,MISSING_PRODUCT,True,2026-09-05T17:45:35Z,CLOUD_REJECTED
FIRMS_TN_0368,PARTIAL_PRE_ONLY,REAL_CDSE_SUCCESS,MISSING_PRODUCT,True,2026-09-05T17:45:37Z,
FIRMS_TN_0369,CLOUD_REJECTED,CLOUD_REJECTED,MISSING_PRODUCT,True,2026-09-05T17:45:40Z,CLOUD_REJECTED
FIRMS_TN_0370,CLOUD_REJECTED,CLOUD_REJECTED,MISSING_PRODUCT,True,2026-09-05T17:45:42Z,CLOUD_REJECTED
FIRMS_TN_0371,CLOUD_REJECTED,CLOUD_REJECTED,MISSING_PRODUCT,True,2026-09-05T17:45:44Z,CLOUD_REJECTED
FIRMS_TN_0372,PARTIAL_PRE_ONLY,REAL_CDSE_SUCCESS,MISSING_PRODUCT,True,2026-09-05T17:45:45Z,
FIRMS_TN_0373,PARTIAL_PRE_ONLY,REAL_CDSE_SUCCESS,MISSING_PRODUCT,True,2026-09-05T17:45:47Z,
FIRMS_TN_0374,MISSING_PRODUCT,MISSING_PRODUCT,MISSING_PRODUCT,False,2026-09-05T16:50:17Z,MISSING_PRODUCT
FIRMS_TN_0375,CLOUD_REJECTED,CLOUD_REJECTED,MISSING_PRODUCT,True,2026-09-05T17:45:49Z,CLOUD_REJECTED
FIRMS_TN_0376,PARTIAL_PRE_ONLY,REAL_CDSE_SUCCESS,MISSING_PRODUCT,True,2026-09-05T17:45:51Z,
FIRMS_TN_0377,PARTIAL_PRE_ONLY,REAL_CDSE_SUCCESS,MISSING_PRODUCT,True,2026-09-05T17:45:53Z,
FIRMS_TN_0378,PARTIAL_PRE_ONLY,REAL_CDSE_SUCCESS,MISSING_PRODUCT,True,2026-09-05T17:45:55Z,
FIRMS_TN_0379,PARTIAL_PRE_ONLY,REAL_CDSE_SUCCESS,MISSING_PRODUCT,True,2026-09-05T17:45:57Z,
FIRMS_TN_0380,CLOUD_REJECTED,CLOUD_REJECTED,MISSING_PRODUCT,True,2026-09-05T17:45:59Z,CLOUD_REJECTED
FIRMS_TN_0381,MISSING_PRODUCT,MISSING_PRODUCT,MISSING_PRODUCT,False,2026-09-05T16:50:41Z,MISSING_PRODUCT
FIRMS_TN_0382,MISSING_PRODUCT,MISSING_PRODUCT,MISSING_PRODUCT,False,2026-09-05T16:50:44Z,MISSING_PRODUCT
FIRMS_TN_0383,MISSING_PRODUCT,MISSING_PRODUCT,MISSING_PRODUCT,False,2026-09-05T16:50:46Z,MISSING_PRODUCT
FIRMS_TN_0384,MISSING_PRODUCT,MISSING_PRODUCT,MISSING_PRODUCT,False,2026-09-05T16:50:50Z,MISSING_PRODUCT
FIRMS_TN_0385,CLOUD_REJECTED,CLOUD_REJECTED,MISSING_PRODUCT,True,2026-09-05T17:46:00Z,CLOUD_REJECTED
FIRMS_TN_0386,CLOUD_REJECTED,CLOUD_REJECTED,MISSING_PRODUCT,True,2026-09-05T17:46:03Z,CLOUD_REJECTED
FIRMS_TN_0387,PARTIAL_PRE_ONLY,REAL_CDSE_SUCCESS,MISSING_PRODUCT,True,2026-09-05T17:46:05Z,
FIRMS_TN_0388,CLOUD_REJECTED,CLOUD_REJECTED,MISSING_PRODUCT,True,2026-09-05T17:46:07Z,CLOUD_REJECTED
FIRMS_TN_0389,CLOUD_REJECTED,CLOUD_REJECTED,MISSING_PRODUCT,True,2026-09-05T17:46:09Z,CLOUD_REJECTED
FIRMS_TN_0390,PARTIAL_PRE_ONLY,REAL_CDSE_SUCCESS,MISSING_PRODUCT,True,2026-09-05T17:46:11Z,
FIRMS_TN_0391,MISSING_PRODUCT,MISSING_PRODUCT,MISSING_PRODUCT,False,2026-09-05T16:51:19Z,MISSING_PRODUCT
FIRMS_TN_0392,PARTIAL_PRE_ONLY,REAL_CDSE_SUCCESS,MISSING_PRODUCT,True,2026-09-05T17:46:13Z,
FIRMS_TN_0393,MISSING_PRODUCT,MISSING_PRODUCT,MISSING_PRODUCT,False,2026-09-05T16:51:27Z,MISSING_PRODUCT
FIRMS_TN_0394,MISSING_PRODUCT,MISSING_PRODUCT,MISSING_PRODUCT,False,2026-09-05T16:51:31Z,MISSING_PRODUCT
FIRMS_TN_0395,PARTIAL_POST_ONLY,MISSING_PRODUCT,REAL_CDSE_SUCCESS,True,2026-09-05T17:46:15Z,
FIRMS_TN_0396,PARTIAL_POST_ONLY,MISSING_PRODUCT,REAL_CDSE_SUCCESS,True,2026-09-05T17:46:17Z,
FIRMS_TN_0397,CLOUD_REJECTED,CLOUD_REJECTED,MISSING_PRODUCT,True,2026-09-05T17:46:18Z,CLOUD_REJECTED
FIRMS_TN_0398,CLOUD_REJECTED,MISSING_PRODUCT,CLOUD_REJECTED,True,2026-09-05T17:46:20Z,CLOUD_REJECTED
FIRMS_TN_0399,MISSING_PRODUCT,MISSING_PRODUCT,MISSING_PRODUCT,False,2026-09-05T16:51:50Z,MISSING_PRODUCT
FIRMS_TN_0400,PARTIAL_POST_ONLY,MISSING_PRODUCT,REAL_CDSE_SUCCESS,True,2026-09-05T17:46:22Z,
FIRMS_TN_0401,PARTIAL_POST_ONLY,MISSING_PRODUCT,REAL_CDSE_SUCCESS,True,2026-09-05T17:46:24Z,
FIRMS_TN_0402,CLOUD_REJECTED,MISSING_PRODUCT,CLOUD_REJECTED,True,2026-09-05T17:46:26Z,CLOUD_REJECTED
FIRMS_TN_0403,MISSING_PRODUCT,MISSING_PRODUCT,MISSING_PRODUCT,False,2026-09-05T16:52:10Z,MISSING_PRODUCT
FIRMS_TN_0404,MISSING_PRODUCT,MISSING_PRODUCT,MISSING_PRODUCT,False,2026-09-05T16:52:15Z,MISSING_PRODUCT
FIRMS_TN_0405,MISSING_PRODUCT,MISSING_PRODUCT,MISSING_PRODUCT,False,2026-09-05T16:52:21Z,MISSING_PRODUCT
FIRMS_TN_0406,REAL_CDSE_SUCCESS,REAL_CDSE_SUCCESS,REAL_CDSE_SUCCESS,True,2026-09-05T17:46:30Z,
FIRMS_TN_0407,CLOUD_REJECTED,MISSING_PRODUCT,CLOUD_REJECTED,True,2026-09-05T17:46:32Z,CLOUD_REJECTED
FIRMS_TN_0408,CLOUD_REJECTED,MISSING_PRODUCT,CLOUD_REJECTED,True,2026-09-05T17:46:34Z,CLOUD_REJECTED
FIRMS_TN_0409,PARTIAL_POST_ONLY,MISSING_PRODUCT,REAL_CDSE_SUCCESS,True,2026-09-05T17:46:36Z,
FIRMS_TN_0410,CLOUD_REJECTED,MISSING_PRODUCT,CLOUD_REJECTED,True,2026-09-05T17:46:38Z,CLOUD_REJECTED
FIRMS_TN_0411,CLOUD_REJECTED,MISSING_PRODUCT,CLOUD_REJECTED,True,2026-09-05T17:46:40Z,CLOUD_REJECTED
FIRMS_TN_0412,CLOUD_REJECTED,MISSING_PRODUCT,CLOUD_REJECTED,True,2026-09-05T17:46:41Z,CLOUD_REJECTED
FIRMS_TN_0413,MISSING_PRODUCT,MISSING_PRODUCT,MISSING_PRODUCT,False,2026-09-05T16:53:01Z,MISSING_PRODUCT
FIRMS_TN_0414,MISSING_PRODUCT,MISSING_PRODUCT,MISSING_PRODUCT,False,2026-09-05T16:53:05Z,MISSING_PRODUCT
FIRMS_TN_0415,CLOUD_REJECTED,MISSING_PRODUCT,CLOUD_REJECTED,True,2026-09-05T17:46:43Z,CLOUD_REJECTED
FIRMS_TN_0416,MISSING_PRODUCT,MISSING_PRODUCT,MISSING_PRODUCT,False,2026-09-05T16:53:14Z,MISSING_PRODUCT
FIRMS_TN_0417,CLOUD_REJECTED,MISSING_PRODUCT,CLOUD_REJECTED,True,2026-09-05T17:46:45Z,CLOUD_REJECTED
FIRMS_TN_0418,MISSING_PRODUCT,MISSING_PRODUCT,MISSING_PRODUCT,False,2026-09-05T16:53:22Z,MISSING_PRODUCT
FIRMS_TN_0419,MISSING_PRODUCT,MISSING_PRODUCT,MISSING_PRODUCT,False,2026-09-05T16:53:27Z,MISSING_PRODUCT
FIRMS_TN_0420,CLOUD_REJECTED,MISSING_PRODUCT,CLOUD_REJECTED,True,2026-09-05T17:46:47Z,CLOUD_REJECTED
FIRMS_TN_0421,CLOUD_REJECTED,MISSING_PRODUCT,CLOUD_REJECTED,True,2026-09-05T17:46:49Z,CLOUD_REJECTED
FIRMS_TN_0422,MISSING_PRODUCT,MISSING_PRODUCT,MISSING_PRODUCT,False,2026-09-05T16:53:41Z,MISSING_PRODUCT
FIRMS_TN_0423,CLOUD_REJECTED,MISSING_PRODUCT,CLOUD_REJECTED,True,2026-09-05T17:46:51Z,CLOUD_REJECTED
FIRMS_TN_0424,MISSING_PRODUCT,MISSING_PRODUCT,MISSING_PRODUCT,False,2026-09-05T16:53:50Z,MISSING_PRODUCT
FIRMS_TN_0425,MISSING_PRODUCT,MISSING_PRODUCT,MISSING_PRODUCT,False,2026-09-05T16:53:53Z,MISSING_PRODUCT
FIRMS_TN_0426,MISSING_PRODUCT,MISSING_PRODUCT,MISSING_PRODUCT,False,2026-09-05T16:53:58Z,MISSING_PRODUCT
FIRMS_TN_0427,REAL_CDSE_SUCCESS,REAL_CDSE_SUCCESS,REAL_CDSE_SUCCESS,True,2026-09-05T17:46:55Z,
FIRMS_TN_0428,PARTIAL_PRE_ONLY,REAL_CDSE_SUCCESS,CLOUD_REJECTED,True,2026-09-05T17:46:59Z,
FIRMS_TN_0429,REAL_CDSE_SUCCESS,REAL_CDSE_SUCCESS,REAL_CDSE_SUCCESS,True,2026-09-05T17:47:03Z,
FIRMS_TN_0430,CLOUD_REJECTED,MISSING_PRODUCT,CLOUD_REJECTED,True,2026-09-05T17:47:05Z,CLOUD_REJECTED
FIRMS_TN_0431,MISSING_PRODUCT,MISSING_PRODUCT,MISSING_PRODUCT,False,2026-09-05T16:54:20Z,MISSING_PRODUCT
FIRMS_TN_0432,PARTIAL_POST_ONLY,MISSING_PRODUCT,REAL_CDSE_SUCCESS,True,2026-09-05T17:47:07Z,
FIRMS_TN_0433,CLOUD_REJECTED,MISSING_PRODUCT,CLOUD_REJECTED,True,2026-09-05T17:47:08Z,CLOUD_REJECTED
FIRMS_TN_0434,MISSING_PRODUCT,MISSING_PRODUCT,MISSING_PRODUCT,False,2026-09-05T16:54:35Z,MISSING_PRODUCT
FIRMS_TN_0435,CLOUD_REJECTED,MISSING_PRODUCT,CLOUD_REJECTED,True,2026-09-05T17:47:10Z,CLOUD_REJECTED
FIRMS_TN_0436,MISSING_PRODUCT,MISSING_PRODUCT,MISSING_PRODUCT,False,2026-09-05T16:54:44Z,MISSING_PRODUCT
FIRMS_TN_0437,CLOUD_REJECTED,MISSING_PRODUCT,CLOUD_REJECTED,True,2026-09-05T17:47:12Z,CLOUD_REJECTED
FIRMS_TN_0438,CLOUD_REJECTED,MISSING_PRODUCT,CLOUD_REJECTED,True,2026-09-05T17:47:14Z,CLOUD_REJECTED
FIRMS_TN_0439,CLOUD_REJECTED,MISSING_PRODUCT,CLOUD_REJECTED,True,2026-09-05T17:47:17Z,CLOUD_REJECTED
FIRMS_TN_0440,CLOUD_REJECTED,MISSING_PRODUCT,CLOUD_REJECTED,True,2026-09-05T17:47:18Z,CLOUD_REJECTED
FIRMS_TN_0441,CLOUD_REJECTED,MISSING_PRODUCT,CLOUD_REJECTED,True,2026-09-05T17:47:20Z,CLOUD_REJECTED
FIRMS_TN_0442,CLOUD_REJECTED,MISSING_PRODUCT,CLOUD_REJECTED,True,2026-09-05T17:47:22Z,CLOUD_REJECTED
FIRMS_TN_0443,PARTIAL_POST_ONLY,MISSING_PRODUCT,REAL_CDSE_SUCCESS,True,2026-09-05T17:47:24Z,
FIRMS_TN_0444,REAL_CDSE_SUCCESS,REAL_CDSE_SUCCESS,REAL_CDSE_SUCCESS,True,2026-09-05T17:47:28Z,
FIRMS_TN_0445,CLOUD_REJECTED,CLOUD_REJECTED,CLOUD_REJECTED,True,2026-09-05T17:47:32Z,CLOUD_REJECTED
FIRMS_TN_0446,PARTIAL_POST_ONLY,MISSING_PRODUCT,REAL_CDSE_SUCCESS,True,2026-09-05T17:47:34Z,
FIRMS_TN_0447,PARTIAL_POST_ONLY,CLOUD_REJECTED,REAL_CDSE_SUCCESS,True,2026-09-05T17:47:38Z,
FIRMS_TN_0448,CLOUD_REJECTED,CLOUD_REJECTED,CLOUD_REJECTED,True,2026-09-05T17:47:42Z,CLOUD_REJECTED
FIRMS_TN_0449,REAL_CDSE_SUCCESS,REAL_CDSE_SUCCESS,REAL_CDSE_SUCCESS,True,2026-09-05T17:47:46Z,
FIRMS_TN_0450,MISSING_PRODUCT,MISSING_PRODUCT,MISSING_PRODUCT,False,2026-09-05T16:55:54Z,MISSING_PRODUCT
FIRMS_TN_0451,MISSING_PRODUCT,MISSING_PRODUCT,MISSING_PRODUCT,False,2026-09-05T16:55:59Z,MISSING_PRODUCT
FIRMS_TN_0452,MISSING_PRODUCT,MISSING_PRODUCT,MISSING_PRODUCT,False,2026-09-05T16:56:05Z,MISSING_PRODUCT
FIRMS_TN_0453,CLOUD_REJECTED,CLOUD_REJECTED,CLOUD_REJECTED,True,2026-09-05T17:47:50Z,CLOUD_REJECTED
FIRMS_TN_0454,MISSING_PRODUCT,MISSING_PRODUCT,MISSING_PRODUCT,False,2026-09-05T16:56:16Z,MISSING_PRODUCT
FIRMS_TN_0455,CLOUD_REJECTED,CLOUD_REJECTED,CLOUD_REJECTED,True,2026-09-05T17:47:54Z,CLOUD_REJECTED
FIRMS_TN_0456,MISSING_PRODUCT,MISSING_PRODUCT,MISSING_PRODUCT,False,2026-09-05T16:56:26Z,MISSING_PRODUCT
FIRMS_TN_0457,CLOUD_REJECTED,MISSING_PRODUCT,CLOUD_REJECTED,True,2026-09-05T17:47:56Z,CLOUD_REJECTED
FIRMS_TN_0458,REAL_CDSE_SUCCESS,REAL_CDSE_SUCCESS,REAL_CDSE_SUCCESS,True,2026-09-05T17:48:00Z,
FIRMS_TN_0459,REAL_CDSE_SUCCESS,REAL_CDSE_SUCCESS,REAL_CDSE_SUCCESS,True,2026-09-05T17:48:04Z,
FIRMS_TN_0460,CLOUD_REJECTED,CLOUD_REJECTED,CLOUD_REJECTED,True,2026-09-05T17:48:08Z,CLOUD_REJECTED
FIRMS_TN_0461,CLOUD_REJECTED,CLOUD_REJECTED,CLOUD_REJECTED,True,2026-09-05T17:48:16Z,CLOUD_REJECTED
FIRMS_TN_0462,MISSING_PRODUCT,MISSING_PRODUCT,MISSING_PRODUCT,False,2026-09-05T16:56:59Z,MISSING_PRODUCT
FIRMS_TN_0463,MISSING_PRODUCT,MISSING_PRODUCT,MISSING_PRODUCT,False,2026-09-05T16:57:04Z,MISSING_PRODUCT
FIRMS_TN_0464,CLOUD_REJECTED,CLOUD_REJECTED,CLOUD_REJECTED,True,2026-09-05T17:48:15Z,CLOUD_REJECTED
FIRMS_TN_0465,CLOUD_REJECTED,CLOUD_REJECTED,CLOUD_REJECTED,True,2026-09-05T17:48:20Z,CLOUD_REJECTED
FIRMS_TN_0466,CLOUD_REJECTED,CLOUD_REJECTED,CLOUD_REJECTED,True,2026-09-05T17:48:24Z,CLOUD_REJECTED
FIRMS_TN_0467,PARTIAL_POST_ONLY,CLOUD_REJECTED,REAL_CDSE_SUCCESS,True,2026-09-05T17:48:27Z,
FIRMS_TN_0468,REAL_CDSE_SUCCESS,REAL_CDSE_SUCCESS,REAL_CDSE_SUCCESS,True,2026-09-05T17:48:31Z,
FIRMS_TN_0469,CLOUD_REJECTED,CLOUD_REJECTED,CLOUD_REJECTED,True,2026-09-05T17:48:35Z,CLOUD_REJECTED
FIRMS_TN_0470,CLOUD_REJECTED,CLOUD_REJECTED,CLOUD_REJECTED,True,2026-09-05T17:48:39Z,CLOUD_REJECTED
FIRMS_TN_0471,PARTIAL_PRE_ONLY,REAL_CDSE_SUCCESS,MISSING_PRODUCT,True,2026-09-05T17:48:40Z,
FIRMS_TN_0472,PARTIAL_PRE_ONLY,REAL_CDSE_SUCCESS,CLOUD_REJECTED,True,2026-09-05T17:48:44Z,
FIRMS_TN_0473,PARTIAL_POST_ONLY,CLOUD_REJECTED,REAL_CDSE_SUCCESS,True,2026-09-05T17:48:48Z,
FIRMS_TN_0474,PARTIAL_POST_ONLY,MISSING_PRODUCT,REAL_CDSE_SUCCESS,True,2026-09-05T17:48:49Z,
FIRMS_TN_0475,PARTIAL_POST_ONLY,CLOUD_REJECTED,REAL_CDSE_SUCCESS,True,2026-09-05T17:48:53Z,
FIRMS_TN_0476,CLOUD_REJECTED,MISSING_PRODUCT,CLOUD_REJECTED,True,2026-09-05T17:48:55Z,CLOUD_REJECTED
FIRMS_TN_0477,REAL_CDSE_SUCCESS,REAL_CDSE_SUCCESS,REAL_CDSE_SUCCESS,True,2026-09-05T17:49:01Z,
FIRMS_TN_0478,REAL_CDSE_SUCCESS,REAL_CDSE_SUCCESS,REAL_CDSE_SUCCESS,True,2026-09-05T17:49:05Z,
FIRMS_TN_0479,REAL_CDSE_SUCCESS,REAL_CDSE_SUCCESS,REAL_CDSE_SUCCESS,True,2026-09-05T17:49:09Z,
FIRMS_TN_0480,REAL_CDSE_SUCCESS,REAL_CDSE_SUCCESS,REAL_CDSE_SUCCESS,True,2026-09-05T17:49:13Z,
FIRMS_TN_0481,PARTIAL_PRE_ONLY,REAL_CDSE_SUCCESS,MISSING_PRODUCT,True,2026-09-05T17:49:13Z,
FIRMS_TN_0482,PARTIAL_POST_ONLY,CLOUD_REJECTED,REAL_CDSE_SUCCESS,True,2026-09-05T17:49:17Z,
FIRMS_TN_0483,CLOUD_REJECTED,CLOUD_REJECTED,CLOUD_REJECTED,True,2026-09-05T17:49:21Z,CLOUD_REJECTED
FIRMS_TN_0484,CLOUD_REJECTED,MISSING_PRODUCT,CLOUD_REJECTED,True,2026-09-05T17:49:22Z,CLOUD_REJECTED
FIRMS_TN_0485,PARTIAL_POST_ONLY,CLOUD_REJECTED,REAL_CDSE_SUCCESS,True,2026-09-05T17:49:26Z,
FIRMS_TN_0486,PARTIAL_PRE_ONLY,REAL_CDSE_SUCCESS,MISSING_PRODUCT,True,2026-09-05T17:49:28Z,
FIRMS_TN_0487,PARTIAL_PRE_ONLY,REAL_CDSE_SUCCESS,CLOUD_REJECTED,True,2026-09-05T17:49:32Z,
FIRMS_TN_0488,REAL_CDSE_SUCCESS,REAL_CDSE_SUCCESS,REAL_CDSE_SUCCESS,True,2026-09-05T17:49:35Z,
FIRMS_TN_0489,PARTIAL_POST_ONLY,CLOUD_REJECTED,REAL_CDSE_SUCCESS,True,2026-09-05T17:49:39Z,
FIRMS_TN_0490,CLOUD_REJECTED,CLOUD_REJECTED,CLOUD_REJECTED,True,2026-09-05T17:49:43Z,CLOUD_REJECTED
FIRMS_TN_0491,CLOUD_REJECTED,CLOUD_REJECTED,CLOUD_REJECTED,True,2026-09-05T17:49:47Z,CLOUD_REJECTED
FIRMS_TN_0492,CLOUD_REJECTED,MISSING_PRODUCT,CLOUD_REJECTED,True,2026-09-05T17:49:48Z,CLOUD_REJECTED
FIRMS_TN_0493,PARTIAL_POST_ONLY,MISSING_PRODUCT,REAL_CDSE_SUCCESS,True,2026-09-05T17:49:50Z,
FIRMS_TN_0494,PARTIAL_POST_ONLY,CLOUD_REJECTED,REAL_CDSE_SUCCESS,True,2026-09-05T17:49:54Z,
FIRMS_TN_0495,PARTIAL_POST_ONLY,MISSING_PRODUCT,REAL_CDSE_SUCCESS,True,2026-09-05T17:49:56Z,
FIRMS_TN_0496,CLOUD_REJECTED,CLOUD_REJECTED,CLOUD_REJECTED,True,2026-09-05T17:50:00Z,CLOUD_REJECTED
FIRMS_TN_0497,PARTIAL_POST_ONLY,CLOUD_REJECTED,REAL_CDSE_SUCCESS,True,2026-09-05T17:50:03Z,
FIRMS_TN_0498,CLOUD_REJECTED,MISSING_PRODUCT,CLOUD_REJECTED,True,2026-09-05T17:50:05Z,CLOUD_REJECTED
FIRMS_TN_0499,CLOUD_REJECTED,MISSING_PRODUCT,CLOUD_REJECTED,True,2026-09-05T17:50:07Z,CLOUD_REJECTED
FIRMS_TN_0500,CLOUD_REJECTED,CLOUD_REJECTED,CLOUD_REJECTED,True,2026-09-05T17:50:11Z,CLOUD_REJECTED
FIRMS_TN_0501,REAL_CDSE_SUCCESS,REAL_CDSE_SUCCESS,REAL_CDSE_SUCCESS,True,2026-09-05T17:50:15Z,
FIRMS_TN_0502,CLOUD_REJECTED,CLOUD_REJECTED,CLOUD_REJECTED,True,2026-09-05T17:50:18Z,CLOUD_REJECTED
FIRMS_TN_0503,PARTIAL_POST_ONLY,CLOUD_REJECTED,REAL_CDSE_SUCCESS,True,2026-09-05T17:50:23Z,
FIRMS_TN_0504,PARTIAL_POST_ONLY,MISSING_PRODUCT,REAL_CDSE_SUCCESS,True,2026-09-05T17:50:25Z,
FIRMS_TN_0505,PARTIAL_POST_ONLY,MISSING_PRODUCT,REAL_CDSE_SUCCESS,True,2026-09-05T17:50:27Z,
FIRMS_TN_0506,CLOUD_REJECTED,MISSING_PRODUCT,CLOUD_REJECTED,True,2026-09-05T17:50:28Z,CLOUD_REJECTED
FIRMS_TN_0507,REAL_CDSE_SUCCESS,REAL_CDSE_SUCCESS,REAL_CDSE_SUCCESS,True,2026-09-05T17:50:32Z,
FIRMS_TN_0508,CLOUD_REJECTED,CLOUD_REJECTED,CLOUD_REJECTED,True,2026-09-05T17:50:36Z,CLOUD_REJECTED
FIRMS_TN_0509,CLOUD_REJECTED,MISSING_PRODUCT,CLOUD_REJECTED,True,2026-09-05T17:50:38Z,CLOUD_REJECTED
FIRMS_TN_0510,PARTIAL_PRE_ONLY,REAL_CDSE_SUCCESS,CLOUD_REJECTED,True,2026-09-05T17:50:42Z,
FIRMS_TN_0511,PARTIAL_POST_ONLY,MISSING_PRODUCT,REAL_CDSE_SUCCESS,True,2026-09-05T17:50:44Z,
FIRMS_TN_0512,PARTIAL_POST_ONLY,CLOUD_REJECTED,REAL_CDSE_SUCCESS,True,2026-09-05T17:50:47Z,
FIRMS_TN_0513,PARTIAL_POST_ONLY,MISSING_PRODUCT,REAL_CDSE_SUCCESS,True,2026-09-05T17:50:49Z,
FIRMS_TN_0514,PARTIAL_POST_ONLY,MISSING_PRODUCT,REAL_CDSE_SUCCESS,True,2026-09-05T17:50:51Z,
FIRMS_TN_0515,PARTIAL_POST_ONLY,MISSING_PRODUCT,REAL_CDSE_SUCCESS,True,2026-09-05T17:50:53Z,
FIRMS_TN_0516,PARTIAL_POST_ONLY,MISSING_PRODUCT,REAL_CDSE_SUCCESS,True,2026-09-05T17:50:54Z,
FIRMS_TN_0517,PARTIAL_POST_ONLY,MISSING_PRODUCT,REAL_CDSE_SUCCESS,True,2026-09-05T17:50:56Z,
FIRMS_TN_0518,PARTIAL_POST_ONLY,MISSING_PRODUCT,REAL_CDSE_SUCCESS,True,2026-09-05T17:50:58Z,
FIRMS_TN_0519,CLOUD_REJECTED,CLOUD_REJECTED,CLOUD_REJECTED,True,2026-09-05T17:51:02Z,CLOUD_REJECTED
FIRMS_TN_0520,PARTIAL_POST_ONLY,CLOUD_REJECTED,REAL_CDSE_SUCCESS,True,2026-09-05T17:51:05Z,
FIRMS_TN_0521,PARTIAL_PRE_ONLY,REAL_CDSE_SUCCESS,CLOUD_REJECTED,True,2026-09-05T17:51:09Z,
FIRMS_TN_0522,PARTIAL_POST_ONLY,MISSING_PRODUCT,REAL_CDSE_SUCCESS,True,2026-09-05T17:51:10Z,
FIRMS_TN_0523,CLOUD_REJECTED,CLOUD_REJECTED,CLOUD_REJECTED,True,2026-09-05T17:51:14Z,CLOUD_REJECTED
FIRMS_TN_0524,CLOUD_REJECTED,CLOUD_REJECTED,CLOUD_REJECTED,True,2026-09-05T17:51:18Z,CLOUD_REJECTED
FIRMS_TN_0525,CLOUD_REJECTED,MISSING_PRODUCT,CLOUD_REJECTED,True,2026-09-05T17:51:20Z,CLOUD_REJECTED
FIRMS_TN_0526,PARTIAL_PRE_ONLY,REAL_CDSE_SUCCESS,MISSING_PRODUCT,True,2026-09-05T17:51:21Z,
FIRMS_TN_0527,PARTIAL_POST_ONLY,MISSING_PRODUCT,REAL_CDSE_SUCCESS,True,2026-09-05T17:51:23Z,
FIRMS_TN_0528,PARTIAL_POST_ONLY,MISSING_PRODUCT,REAL_CDSE_SUCCESS,True,2026-09-05T17:51:25Z,
FIRMS_TN_0529,CLOUD_REJECTED,MISSING_PRODUCT,CLOUD_REJECTED,True,2026-09-05T17:51:27Z,CLOUD_REJECTED
FIRMS_TN_0530,CLOUD_REJECTED,CLOUD_REJECTED,CLOUD_REJECTED,True,2026-09-05T17:51:30Z,CLOUD_REJECTED
FIRMS_TN_0531,CLOUD_REJECTED,CLOUD_REJECTED,CLOUD_REJECTED,True,2026-09-05T17:51:34Z,CLOUD_REJECTED
FIRMS_TN_0532,CLOUD_REJECTED,MISSING_PRODUCT,CLOUD_REJECTED,True,2026-09-05T17:51:36Z,CLOUD_REJECTED
FIRMS_TN_0533,CLOUD_REJECTED,CLOUD_REJECTED,MISSING_PRODUCT,True,2026-09-05T17:51:37Z,CLOUD_REJECTED
FIRMS_TN_0534,PARTIAL_POST_ONLY,MISSING_PRODUCT,REAL_CDSE_SUCCESS,True,2026-09-05T17:51:39Z,
FIRMS_TN_0535,MISSING_PRODUCT,MISSING_PRODUCT,MISSING_PRODUCT,False,2026-09-05T17:02:19Z,MISSING_PRODUCT
FIRMS_TN_0536,CLOUD_REJECTED,CLOUD_REJECTED,CLOUD_REJECTED,True,2026-09-05T17:51:43Z,CLOUD_REJECTED
FIRMS_TN_0537,PARTIAL_PRE_ONLY,REAL_CDSE_SUCCESS,CLOUD_REJECTED,True,2026-09-05T17:51:46Z,
FIRMS_TN_0538,REAL_CDSE_SUCCESS,REAL_CDSE_SUCCESS,REAL_CDSE_SUCCESS,True,2026-09-05T17:51:50Z,
FIRMS_TN_0539,CLOUD_REJECTED,CLOUD_REJECTED,CLOUD_REJECTED,True,2026-09-05T17:51:54Z,CLOUD_REJECTED
FIRMS_TN_0540,PARTIAL_PRE_ONLY,REAL_CDSE_SUCCESS,MISSING_PRODUCT,True,2026-09-05T17:51:56Z,
FIRMS_TN_0541,REAL_CDSE_SUCCESS,REAL_CDSE_SUCCESS,REAL_CDSE_SUCCESS,True,2026-09-05T17:51:59Z,
FIRMS_TN_0542,CLOUD_REJECTED,MISSING_PRODUCT,CLOUD_REJECTED,True,2026-09-05T17:52:01Z,CLOUD_REJECTED
FIRMS_TN_0543,REAL_CDSE_SUCCESS,REAL_CDSE_SUCCESS,REAL_CDSE_SUCCESS,True,2026-09-05T17:52:05Z,
FIRMS_TN_0544,PARTIAL_PRE_ONLY,REAL_CDSE_SUCCESS,MISSING_PRODUCT,True,2026-09-05T17:52:06Z,
FIRMS_TN_0545,PARTIAL_POST_ONLY,MISSING_PRODUCT,REAL_CDSE_SUCCESS,True,2026-09-05T17:52:08Z,
FIRMS_TN_0546,REAL_CDSE_SUCCESS,REAL_CDSE_SUCCESS,REAL_CDSE_SUCCESS,True,2026-09-05T17:52:12Z,
FIRMS_TN_0547,PARTIAL_POST_ONLY,MISSING_PRODUCT,REAL_CDSE_SUCCESS,True,2026-09-05T17:52:14Z,
FIRMS_TN_0548,CLOUD_REJECTED,CLOUD_REJECTED,CLOUD_REJECTED,True,2026-09-05T17:52:17Z,CLOUD_REJECTED
FIRMS_TN_0549,CLOUD_REJECTED,CLOUD_REJECTED,MISSING_PRODUCT,True,2026-09-05T17:52:19Z,CLOUD_REJECTED
FIRMS_TN_0550,CLOUD_REJECTED,CLOUD_REJECTED,MISSING_PRODUCT,True,2026-09-05T17:52:21Z,CLOUD_REJECTED
FIRMS_TN_0551,PARTIAL_POST_ONLY,MISSING_PRODUCT,REAL_CDSE_SUCCESS,True,2026-09-05T17:52:23Z,
FIRMS_TN_0552,PARTIAL_POST_ONLY,CLOUD_REJECTED,REAL_CDSE_SUCCESS,True,2026-09-05T17:52:27Z,
FIRMS_TN_0553,PARTIAL_POST_ONLY,MISSING_PRODUCT,REAL_CDSE_SUCCESS,True,2026-09-05T17:52:29Z,
FIRMS_TN_0554,REAL_CDSE_SUCCESS,REAL_CDSE_SUCCESS,REAL_CDSE_SUCCESS,True,2026-09-05T17:52:32Z,
FIRMS_TN_0555,PARTIAL_PRE_ONLY,REAL_CDSE_SUCCESS,MISSING_PRODUCT,True,2026-09-05T17:52:34Z,
FIRMS_TN_0556,PARTIAL_PRE_ONLY,REAL_CDSE_SUCCESS,MISSING_PRODUCT,True,2026-09-05T17:52:36Z,
FIRMS_TN_0557,PARTIAL_POST_ONLY,CLOUD_REJECTED,REAL_CDSE_SUCCESS,True,2026-09-05T17:52:40Z,
FIRMS_TN_0558,PARTIAL_POST_ONLY,CLOUD_REJECTED,REAL_CDSE_SUCCESS,True,2026-09-05T17:52:43Z,
FIRMS_TN_0559,REAL_CDSE_SUCCESS,REAL_CDSE_SUCCESS,REAL_CDSE_SUCCESS,True,2026-09-05T17:52:47Z,
FIRMS_TN_0560,CLOUD_REJECTED,CLOUD_REJECTED,MISSING_PRODUCT,True,2026-09-05T17:52:49Z,CLOUD_REJECTED
FIRMS_TN_0561,PARTIAL_PRE_ONLY,REAL_CDSE_SUCCESS,CLOUD_REJECTED,True,2026-09-05T17:52:52Z,
FIRMS_TN_0562,CLOUD_REJECTED,CLOUD_REJECTED,MISSING_PRODUCT,True,2026-09-05T17:52:54Z,CLOUD_REJECTED
FIRMS_TN_0563,PARTIAL_PRE_ONLY,REAL_CDSE_SUCCESS,MISSING_PRODUCT,True,2026-09-05T17:52:56Z,
FIRMS_TN_0564,PARTIAL_PRE_ONLY,REAL_CDSE_SUCCESS,CLOUD_REJECTED,True,2026-09-05T17:53:00Z,
FIRMS_TN_0565,PARTIAL_PRE_ONLY,REAL_CDSE_SUCCESS,CLOUD_REJECTED,True,2026-09-05T17:53:03Z,
FIRMS_TN_0566,REAL_CDSE_SUCCESS,REAL_CDSE_SUCCESS,REAL_CDSE_SUCCESS,True,2026-09-05T17:53:07Z,
FIRMS_TN_0567,PARTIAL_POST_ONLY,MISSING_PRODUCT,REAL_CDSE_SUCCESS,True,2026-09-05T17:53:09Z,
FIRMS_TN_0568,PARTIAL_PRE_ONLY,REAL_CDSE_SUCCESS,MISSING_PRODUCT,True,2026-09-05T17:53:11Z,
FIRMS_TN_0569,CLOUD_REJECTED,CLOUD_REJECTED,MISSING_PRODUCT,True,2026-09-05T17:53:12Z,CLOUD_REJECTED
FIRMS_TN_0570,PARTIAL_PRE_ONLY,REAL_CDSE_SUCCESS,MISSING_PRODUCT,True,2026-09-05T17:53:14Z,
FIRMS_TN_0571,CLOUD_REJECTED,CLOUD_REJECTED,CLOUD_REJECTED,True,2026-09-05T17:53:18Z,CLOUD_REJECTED
FIRMS_TN_0572,CLOUD_REJECTED,CLOUD_REJECTED,CLOUD_REJECTED,True,2026-09-05T17:53:21Z,CLOUD_REJECTED
FIRMS_TN_0573,CLOUD_REJECTED,CLOUD_REJECTED,CLOUD_REJECTED,True,2026-09-05T17:53:25Z,CLOUD_REJECTED
FIRMS_TN_0574,REAL_CDSE_SUCCESS,REAL_CDSE_SUCCESS,REAL_CDSE_SUCCESS,True,2026-09-05T17:53:29Z,
FIRMS_TN_0575,PARTIAL_POST_ONLY,CLOUD_REJECTED,REAL_CDSE_SUCCESS,True,2026-09-05T17:53:32Z,
FIRMS_TN_0576,REAL_CDSE_SUCCESS,REAL_CDSE_SUCCESS,REAL_CDSE_SUCCESS,True,2026-09-05T17:53:36Z,
FIRMS_TN_0577,CLOUD_REJECTED,CLOUD_REJECTED,CLOUD_REJECTED,True,2026-09-05T17:53:40Z,CLOUD_REJECTED
FIRMS_TN_0578,PARTIAL_POST_ONLY,MISSING_PRODUCT,REAL_CDSE_SUCCESS,True,2026-09-05T17:53:42Z,
FIRMS_TN_0579,REAL_CDSE_SUCCESS,REAL_CDSE_SUCCESS,REAL_CDSE_SUCCESS,True,2026-09-05T17:53:45Z,
FIRMS_TN_0580,CLOUD_REJECTED,CLOUD_REJECTED,CLOUD_REJECTED,True,2026-09-05T17:53:49Z,CLOUD_REJECTED
FIRMS_TN_0581,CLOUD_REJECTED,CLOUD_REJECTED,CLOUD_REJECTED,True,2026-09-05T17:53:52Z,CLOUD_REJECTED
FIRMS_TN_0582,CLOUD_REJECTED,CLOUD_REJECTED,MISSING_PRODUCT,True,2026-09-05T17:53:54Z,CLOUD_REJECTED
FIRMS_TN_0583,CLOUD_REJECTED,CLOUD_REJECTED,MISSING_PRODUCT,True,2026-09-05T17:53:56Z,CLOUD_REJECTED
FIRMS_TN_0584,PARTIAL_PRE_ONLY,REAL_CDSE_SUCCESS,CLOUD_REJECTED,True,2026-09-05T17:54:00Z,
FIRMS_TN_0585,PARTIAL_POST_ONLY,CLOUD_REJECTED,REAL_CDSE_SUCCESS,True,2026-09-05T17:54:04Z,
FIRMS_TN_0586,CLOUD_REJECTED,CLOUD_REJECTED,MISSING_PRODUCT,True,2026-09-05T17:54:06Z,CLOUD_REJECTED
FIRMS_TN_0587,PARTIAL_PRE_ONLY,REAL_CDSE_SUCCESS,MISSING_PRODUCT,True,2026-09-05T17:54:07Z,
FIRMS_TN_0588,CLOUD_REJECTED,CLOUD_REJECTED,MISSING_PRODUCT,True,2026-09-05T17:54:09Z,CLOUD_REJECTED
FIRMS_TN_0589,PARTIAL_PRE_ONLY,REAL_CDSE_SUCCESS,MISSING_PRODUCT,True,2026-09-05T17:54:11Z,
FIRMS_TN_0590,PARTIAL_PRE_ONLY,REAL_CDSE_SUCCESS,MISSING_PRODUCT,True,2026-09-05T17:54:13Z,
FIRMS_TN_0591,CLOUD_REJECTED,CLOUD_REJECTED,MISSING_PRODUCT,True,2026-09-05T17:54:15Z,CLOUD_REJECTED
FIRMS_TN_0592,PARTIAL_PRE_ONLY,REAL_CDSE_SUCCESS,MISSING_PRODUCT,True,2026-09-05T17:54:17Z,
FIRMS_TN_0593,REAL_CDSE_SUCCESS,REAL_CDSE_SUCCESS,REAL_CDSE_SUCCESS,True,2026-09-05T17:54:20Z,
FIRMS_TN_0594,CLOUD_REJECTED,CLOUD_REJECTED,MISSING_PRODUCT,True,2026-09-05T17:54:22Z,CLOUD_REJECTED
FIRMS_TN_0595,CLOUD_REJECTED,CLOUD_REJECTED,MISSING_PRODUCT,True,2026-09-05T17:54:24Z,CLOUD_REJECTED
FIRMS_TN_0596,REAL_CDSE_SUCCESS,REAL_CDSE_SUCCESS,REAL_CDSE_SUCCESS,True,2026-09-05T17:54:28Z,
FIRMS_TN_0597,CLOUD_REJECTED,CLOUD_REJECTED,CLOUD_REJECTED,True,2026-09-05T17:54:31Z,CLOUD_REJECTED
FIRMS_TN_0598,REAL_CDSE_SUCCESS,REAL_CDSE_SUCCESS,REAL_CDSE_SUCCESS,True,2026-09-05T17:54:35Z,
FIRMS_TN_0599,CLOUD_REJECTED,MISSING_PRODUCT,CLOUD_REJECTED,True,2026-09-05T17:54:37Z,CLOUD_REJECTED
FIRMS_TN_0600,PARTIAL_POST_ONLY,CLOUD_REJECTED,REAL_CDSE_SUCCESS,True,2026-09-05T17:54:41Z,
FIRMS_TN_0601,CLOUD_REJECTED,CLOUD_REJECTED,MISSING_PRODUCT,True,2026-09-05T17:54:42Z,CLOUD_REJECTED
FIRMS_TN_0602,PARTIAL_PRE_ONLY,REAL_CDSE_SUCCESS,MISSING_PRODUCT,True,2026-09-05T17:54:44Z,
FIRMS_TN_0603,REAL_CDSE_SUCCESS,REAL_CDSE_SUCCESS,REAL_CDSE_SUCCESS,True,2026-09-05T17:54:49Z,
FIRMS_TN_0604,REAL_CDSE_SUCCESS,REAL_CDSE_SUCCESS,REAL_CDSE_SUCCESS,True,2026-09-05T17:54:52Z,
FIRMS_TN_0605,PARTIAL_PRE_ONLY,REAL_CDSE_SUCCESS,CLOUD_REJECTED,True,2026-09-05T17:54:56Z,
FIRMS_TN_0606,REAL_CDSE_SUCCESS,REAL_CDSE_SUCCESS,REAL_CDSE_SUCCESS,True,2026-09-05T17:55:01Z,
FIRMS_TN_0607,PARTIAL_POST_ONLY,CLOUD_REJECTED,REAL_CDSE_SUCCESS,True,2026-09-05T17:55:05Z,
FIRMS_TN_0608,PARTIAL_PRE_ONLY,REAL_CDSE_SUCCESS,CLOUD_REJECTED,True,2026-09-05T17:55:08Z,
FIRMS_TN_0609,PARTIAL_PRE_ONLY,REAL_CDSE_SUCCESS,MISSING_PRODUCT,True,2026-09-05T17:55:10Z,
FIRMS_TN_0610,PARTIAL_POST_ONLY,CLOUD_REJECTED,REAL_CDSE_SUCCESS,True,2026-09-05T17:55:14Z,
FIRMS_TN_0611,PARTIAL_PRE_ONLY,REAL_CDSE_SUCCESS,CLOUD_REJECTED,True,2026-09-05T17:55:18Z,
FIRMS_TN_0612,PARTIAL_PRE_ONLY,REAL_CDSE_SUCCESS,CLOUD_REJECTED,True,2026-09-05T17:55:22Z,
FIRMS_TN_0613,REAL_CDSE_SUCCESS,REAL_CDSE_SUCCESS,REAL_CDSE_SUCCESS,True,2026-09-05T17:55:25Z,
FIRMS_TN_0614,PARTIAL_PRE_ONLY,REAL_CDSE_SUCCESS,MISSING_PRODUCT,True,2026-09-05T17:55:27Z,
FIRMS_TN_0615,PARTIAL_PRE_ONLY,REAL_CDSE_SUCCESS,CLOUD_REJECTED,True,2026-09-05T17:55:31Z,
FIRMS_TN_0616,PARTIAL_POST_ONLY,CLOUD_REJECTED,REAL_CDSE_SUCCESS,True,2026-09-05T17:55:34Z,
FIRMS_TN_0617,PARTIAL_PRE_ONLY,REAL_CDSE_SUCCESS,MISSING_PRODUCT,True,2026-09-05T17:55:36Z,
FIRMS_TN_0618,CLOUD_REJECTED,CLOUD_REJECTED,MISSING_PRODUCT,True,2026-09-05T17:55:38Z,CLOUD_REJECTED
FIRMS_TN_0619,CLOUD_REJECTED,CLOUD_REJECTED,MISSING_PRODUCT,True,2026-09-05T17:55:40Z,CLOUD_REJECTED
FIRMS_TN_0620,CLOUD_REJECTED,CLOUD_REJECTED,MISSING_PRODUCT,True,2026-09-05T17:55:42Z,CLOUD_REJECTED
FIRMS_TN_0621,REAL_CDSE_SUCCESS,REAL_CDSE_SUCCESS,REAL_CDSE_SUCCESS,True,2026-09-05T17:55:46Z,
FIRMS_TN_0622,REAL_CDSE_SUCCESS,REAL_CDSE_SUCCESS,REAL_CDSE_SUCCESS,True,2026-09-05T17:55:49Z,
FIRMS_TN_0623,PARTIAL_PRE_ONLY,REAL_CDSE_SUCCESS,MISSING_PRODUCT,True,2026-09-05T17:55:51Z,
FIRMS_TN_0624,PARTIAL_PRE_ONLY,REAL_CDSE_SUCCESS,MISSING_PRODUCT,True,2026-09-05T17:55:53Z,
FIRMS_TN_0625,REAL_CDSE_SUCCESS,REAL_CDSE_SUCCESS,REAL_CDSE_SUCCESS,True,2026-09-05T17:55:57Z,
FIRMS_TN_0626,REAL_CDSE_SUCCESS,REAL_CDSE_SUCCESS,REAL_CDSE_SUCCESS,True,2026-09-05T17:56:00Z,
FIRMS_TN_0627,REAL_CDSE_SUCCESS,REAL_CDSE_SUCCESS,REAL_CDSE_SUCCESS,True,2026-09-05T17:56:04Z,
FIRMS_TN_0628,REAL_CDSE_SUCCESS,REAL_CDSE_SUCCESS,REAL_CDSE_SUCCESS,True,2026-09-05T17:56:08Z,
FIRMS_TN_0629,PARTIAL_PRE_ONLY,REAL_CDSE_SUCCESS,MISSING_PRODUCT,True,2026-09-05T17:56:10Z,
FIRMS_TN_0630,CLOUD_REJECTED,CLOUD_REJECTED,MISSING_PRODUCT,True,2026-09-05T17:56:12Z,CLOUD_REJECTED
FIRMS_TN_0631,CLOUD_REJECTED,CLOUD_REJECTED,MISSING_PRODUCT,True,2026-09-05T17:56:13Z,CLOUD_REJECTED
FIRMS_TN_0632,PARTIAL_POST_ONLY,CLOUD_REJECTED,REAL_CDSE_SUCCESS,True,2026-09-05T17:56:17Z,
