event_id,row_id,pre_event_status,post_event_status,retry_pre,retry_post,retry_reason,original_error_category
FIRMS_TN_0359,359,PROCESSING_API_ERROR,PROCESSING_API_ERROR,True,True,Transient CDSE Processing API HTTP 401 token expiration on both pre- and post-event observation windows,PROCESSING_API_ERROR
FIRMS_TN_0360,360,PROCESSING_API_ERROR,PROCESSING_API_ERROR,True,True,Transient CDSE Processing API HTTP 401 token expiration on both pre- and post-event observation windows,PROCESSING_API_ERROR
FIRMS_TN_0361,361,PROCESSING_API_ERROR,PROCESSING_API_ERROR,True,True,Transient CDSE Processing API HTTP 401 token expiration on both pre- and post-event observation windows,PROCESSING_API_ERROR
FIRMS_TN_0362,362,PROCESSING_API_ERROR,PROCESSING_API_ERROR,True,True,Transient CDSE Processing API HTTP 401 token expiration on both pre- and post-event observation windows,PROCESSING_API_ERROR
FIRMS_TN_0363,363,PROCESSING_API_ERROR,PROCESSING_API_ERROR,True,True,Transient CDSE Processing API HTTP 401 token expiration on both pre- and post-event observation windows,PROCESSING_API_ERROR
FIRMS_TN_0364,364,PROCESSING_API_ERROR,PROCESSING_API_ERROR,True,True,Transient CDSE Processing API HTTP 401 token expiration on both pre- and post-event observation windows,PROCESSING_API_ERROR
FIRMS_TN_0365,365,PROCESSING_API_ERROR,PROCESSING_API_ERROR,True,True,Transient CDSE Processing API HTTP 401 token expiration on both pre- and post-event observation windows,PROCESSING_API_ERROR
FIRMS_TN_0367,367,PROCESSING_API_ERROR,MISSING_PRODUCT,True,False,Transient CDSE Processing API HTTP 401 token expiration on pre-event window; post-event status is legitimate MISSING_PRODUCT,PROCESSING_API_ERROR
FIRMS_TN_0368,368,PROCESSING_API_ERROR,MISSING_PRODUCT,True,False,Transient CDSE Processing API HTTP 401 token expiration on pre-event window; post-event status is legitimate MISSING_PRODUCT,PROCESSING_API_ERROR
FIRMS_TN_0369,369,PROCESSING_API_ERROR,MISSING_PRODUCT,True,False,Transient CDSE Processing API HTTP 401 token expiration on pre-event window; post-event status is legitimate MISSING_PRODUCT,PROCESSING_API_ERROR
FIRMS_TN_0370,370,PROCESSING_API_ERROR,MISSING_PRODUCT,True,False,Transient CDSE Processing API HTTP 401 token expiration on pre-event window; post-event status is legitimate MISSING_PRODUCT,PROCESSING_API_ERROR
FIRMS_TN_0371,371,PROCESSING_API_ERROR,MISSING_PRODUCT,True,False,Transient CDSE Processing API HTTP 401 token expiration on pre-event window; post-event status is legitimate MISSING_PRODUCT,PROCESSING_API_ERROR
FIRMS_TN_0372,372,PROCESSING_API_ERROR,MISSING_PRODUCT,True,False,Transient CDSE Processing API HTTP 401 token expiration on pre-event window; post-event status is legitimate MISSING_PRODUCT,PROCESSING_API_ERROR
FIRMS_TN_0373,373,PROCESSING_API_ERROR,MISSING_PRODUCT,True,False,Transient CDSE Processing API HTTP 401 token expiration on pre-event window; post-event status is legitimate MISSING_PRODUCT,PROCESSING_API_ERROR
FIRMS_TN_0375,375,PROCESSING_API_ERROR,MISSING_PRODUCT,True,False,Transient CDSE Processing API HTTP 401 token expiration on pre-event window; post-event status is legitimate MISSING_PRODUCT,PROCESSING_API_ERROR
FIRMS_TN_0376,376,PROCESSING_API_ERROR,MISSING_PRODUCT,True,False,Transient CDSE Processing API HTTP 401 token expiration on pre-event window; post-event status is legitimate MISSING_PRODUCT,PROCESSING_API_ERROR
FIRMS_TN_0377,377,PROCESSING_API_ERROR,MISSING_PRODUCT,True,False,Transient CDSE Processing API HTTP 401 token expiration on pre-event window; post-event status is legitimate MISSING_PRODUCT,PROCESSING_API_ERROR
FIRMS_TN_0378,378,PROCESSING_API_ERROR,MISSING_PRODUCT,True,False,Transient CDSE Processing API HTTP 401 token expiration on pre-event window; post-event status is legitimate MISSING_PRODUCT,PROCESSING_API_ERROR
FIRMS_TN_0379,379,PROCESSING_API_ERROR,MISSING_PRODUCT,True,False,Transient CDSE Processing API HTTP 401 token expiration on pre-event window; post-event status is legitimate MISSING_PRODUCT,PROCESSING_API_ERROR
FIRMS_TN_0380,380,PROCESSING_API_ERROR,MISSING_PRODUCT,True,False,Transient CDSE Processing API HTTP 401 token expiration on pre-event window; post-event status is legitimate MISSING_PRODUCT,PROCESSING_API_ERROR
FIRMS_TN_0385,385,PROCESSING_API_ERROR,MISSING_PRODUCT,True,False,Transient CDSE Processing API HTTP 401 token expiration on pre-event window; post-event status is legitimate MISSING_PRODUCT,PROCESSING_API_ERROR
FIRMS_TN_0386,386,PROCESSING_API_ERROR,MISSING_PRODUCT,True,False,Transient CDSE Processing API HTTP 401 token expiration on pre-event window; post-event status is legitimate MISSING_PRODUCT,PROCESSING_API_ERROR
FIRMS_TN_0387,387,PROCESSING_API_ERROR,MISSING_PRODUCT,True,False,Transient CDSE Processing API HTTP 401 token expiration on pre-event window; post-event status is legitimate MISSING_PRODUCT,PROCESSING_API_ERROR
FIRMS_TN_0388,388,PROCESSING_API_ERROR,MISSING_PRODUCT,True,False,Transient CDSE Processing API HTTP 401 token expiration on pre-event window; post-event status is legitimate MISSING_PRODUCT,PROCESSING_API_ERROR
FIRMS_TN_0389,389,PROCESSING_API_ERROR,MISSING_PRODUCT,True,False,Transient CDSE Processing API HTTP 401 token expiration on pre-event window; post-event status is legitimate MISSING_PRODUCT,PROCESSING_API_ERROR
FIRMS_TN_0390,390,PROCESSING_API_ERROR,MISSING_PRODUCT,True,False,Transient CDSE Processing API HTTP 401 token expiration on pre-event window; post-event status is legitimate MISSING_PRODUCT,PROCESSING_API_ERROR
FIRMS_TN_0392,392,PROCESSING_API_ERROR,MISSING_PRODUCT,True,False,Transient CDSE Processing API HTTP 401 token expiration on pre-event window; post-event status is legitimate MISSING_PRODUCT,PROCESSING_API_ERROR
FIRMS_TN_0395,395,MISSING_PRODUCT,PROCESSING_API_ERROR,False,True,Transient CDSE Processing API HTTP 401 token expiration on post-event window; pre-event status is legitimate MISSING_PRODUCT,PROCESSING_API_ERROR
FIRMS_TN_0396,396,MISSING_PRODUCT,PROCESSING_API_ERROR,False,True,Transient CDSE Processing API HTTP 401 token expiration on post-event window; pre-event status is legitimate MISSING_PRODUCT,PROCESSING_API_ERROR
FIRMS_TN_0397,397,PROCESSING_API_ERROR,MISSING_PRODUCT,True,False,Transient CDSE Processing API HTTP 401 token expiration on pre-event window; post-event status is legitimate MISSING_PRODUCT,PROCESSING_API_ERROR
FIRMS_TN_0398,398,MISSING_PRODUCT,PROCESSING_API_ERROR,False,True,Transient CDSE Processing API HTTP 401 token expiration on post-event window; pre-event status is legitimate MISSING_PRODUCT,PROCESSING_API_ERROR
FIRMS_TN_0400,400,MISSING_PRODUCT,PROCESSING_API_ERROR,False,True,Transient CDSE Processing API HTTP 401 token expiration on post-event window; pre-event status is legitimate MISSING_PRODUCT,PROCESSING_API_ERROR
FIRMS_TN_0401,401,MISSING_PRODUCT,PROCESSING_API_ERROR,False,True,Transient CDSE Processing API HTTP 401 token expiration on post-event window; pre-event status is legitimate MISSING_PRODUCT,PROCESSING_API_ERROR
FIRMS_TN_0402,402,MISSING_PRODUCT,PROCESSING_API_ERROR,False,True,Transient CDSE Processing API HTTP 401 token expiration on post-event window; pre-event status is legitimate MISSING_PRODUCT,PROCESSING_API_ERROR
FIRMS_TN_0406,406,PROCESSING_API_ERROR,PROCESSING_API_ERROR,True,True,Transient CDSE Processing API HTTP 401 token expiration on both pre- and post-event observation windows,PROCESSING_API_ERROR
FIRMS_TN_0407,407,MISSING_PRODUCT,PROCESSING_API_ERROR,False,True,Transient CDSE Processing API HTTP 401 token expiration on post-event window; pre-event status is legitimate MISSING_PRODUCT,PROCESSING_API_ERROR
FIRMS_TN_0408,408,MISSING_PRODUCT,PROCESSING_API_ERROR,False,True,Transient CDSE Processing API HTTP 401 token expiration on post-event window; pre-event status is legitimate MISSING_PRODUCT,PROCESSING_API_ERROR
FIRMS_TN_0409,409,MISSING_PRODUCT,PROCESSING_API_ERROR,False,True,Transient CDSE Processing API HTTP 401 token expiration on post-event window; pre-event status is legitimate MISSING_PRODUCT,PROCESSING_API_ERROR
FIRMS_TN_0410,410,MISSING_PRODUCT,PROCESSING_API_ERROR,False,True,Transient CDSE Processing API HTTP 401 token expiration on post-event window; pre-event status is legitimate MISSING_PRODUCT,PROCESSING_API_ERROR
FIRMS_TN_0411,411,MISSING_PRODUCT,PROCESSING_API_ERROR,False,True,Transient CDSE Processing API HTTP 401 token expiration on post-event window; pre-event status is legitimate MISSING_PRODUCT,PROCESSING_API_ERROR
FIRMS_TN_0412,412,MISSING_PRODUCT,PROCESSING_API_ERROR,False,True,Transient CDSE Processing API HTTP 401 token expiration on post-event window; pre-event status is legitimate MISSING_PRODUCT,PROCESSING_API_ERROR
FIRMS_TN_0415,415,MISSING_PRODUCT,PROCESSING_API_ERROR,False,True,Transient CDSE Processing API HTTP 401 token expiration on post-event window; pre-event status is legitimate MISSING_PRODUCT,PROCESSING_API_ERROR
FIRMS_TN_0417,417,MISSING_PRODUCT,PROCESSING_API_ERROR,False,True,Transient CDSE Processing API HTTP 401 token expiration on post-event window; pre-event status is legitimate MISSING_PRODUCT,PROCESSING_API_ERROR
FIRMS_TN_0420,420,MISSING_PRODUCT,PROCESSING_API_ERROR,False,True,Transient CDSE Processing API HTTP 401 token expiration on post-event window; pre-event status is legitimate MISSING_PRODUCT,PROCESSING_API_ERROR
FIRMS_TN_0421,421,MISSING_PRODUCT,PROCESSING_API_ERROR,False,True,Transient CDSE Processing API HTTP 401 token expiration on post-event window; pre-event status is legitimate MISSING_PRODUCT,PROCESSING_API_ERROR
FIRMS_TN_0423,423,MISSING_PRODUCT,PROCESSING_API_ERROR,False,True,Transient CDSE Processing API HTTP 401 token expiration on post-event window; pre-event status is legitimate MISSING_PRODUCT,PROCESSING_API_ERROR
FIRMS_TN_0427,427,PROCESSING_API_ERROR,PROCESSING_API_ERROR,True,True,Transient CDSE Processing API HTTP 401 token expiration on both pre- and post-event observation windows,PROCESSING_API_ERROR
FIRMS_TN_0428,428,PROCESSING_API_ERROR,PROCESSING_API_ERROR,True,True,Transient CDSE Processing API HTTP 401 token expiration on both pre- and post-event observation windows,PROCESSING_API_ERROR
FIRMS_TN_0429,429,PROCESSING_API_ERROR,PROCESSING_API_ERROR,True,True,Transient CDSE Processing API HTTP 401 token expiration on both pre- and post-event observation windows,PROCESSING_API_ERROR
FIRMS_TN_0430,430,MISSING_PRODUCT,PROCESSING_API_ERROR,False,True,Transient CDSE Processing API HTTP 401 token expiration on post-event window; pre-event status is legitimate MISSING_PRODUCT,PROCESSING_API_ERROR
FIRMS_TN_0432,432,MISSING_PRODUCT,PROCESSING_API_ERROR,False,True,Transient CDSE Processing API HTTP 401 token expiration on post-event window; pre-event status is legitimate MISSING_PRODUCT,PROCESSING_API_ERROR
FIRMS_TN_0433,433,MISSING_PRODUCT,PROCESSING_API_ERROR,False,True,Transient CDSE Processing API HTTP 401 token expiration on post-event window; pre-event status is legitimate MISSING_PRODUCT,PROCESSING_API_ERROR
FIRMS_TN_0435,435,MISSING_PRODUCT,PROCESSING_API_ERROR,False,True,Transient CDSE Processing API HTTP 401 token expiration on post-event window; pre-event status is legitimate MISSING_PRODUCT,PROCESSING_API_ERROR
FIRMS_TN_0437,437,MISSING_PRODUCT,PROCESSING_API_ERROR,False,True,Transient CDSE Processing API HTTP 401 token expiration on post-event window; pre-event status is legitimate MISSING_PRODUCT,PROCESSING_API_ERROR
FIRMS_TN_0438,438,MISSING_PRODUCT,PROCESSING_API_ERROR,False,True,Transient CDSE Processing API HTTP 401 token expiration on post-event window; pre-event status is legitimate MISSING_PRODUCT,PROCESSING_API_ERROR
FIRMS_TN_0439,439,MISSING_PRODUCT,PROCESSING_API_ERROR,False,True,Transient CDSE Processing API HTTP 401 token expiration on post-event window; pre-event status is legitimate MISSING_PRODUCT,PROCESSING_API_ERROR
FIRMS_TN_0440,440,MISSING_PRODUCT,PROCESSING_API_ERROR,False,True,Transient CDSE Processing API HTTP 401 token expiration on post-event window; pre-event status is legitimate MISSING_PRODUCT,PROCESSING_API_ERROR
FIRMS_TN_0441,441,MISSING_PRODUCT,PROCESSING_API_ERROR,False,True,Transient CDSE Processing API HTTP 401 token expiration on post-event window; pre-event status is legitimate MISSING_PRODUCT,PROCESSING_API_ERROR
FIRMS_TN_0442,442,MISSING_PRODUCT,PROCESSING_API_ERROR,False,True,Transient CDSE Processing API HTTP 401 token expiration on post-event window; pre-event status is legitimate MISSING_PRODUCT,PROCESSING_API_ERROR
FIRMS_TN_0443,443,MISSING_PRODUCT,PROCESSING_API_ERROR,False,True,Transient CDSE Processing API HTTP 401 token expiration on post-event window; pre-event status is legitimate MISSING_PRODUCT,PROCESSING_API_ERROR
FIRMS_TN_0444,444,PROCESSING_API_ERROR,PROCESSING_API_ERROR,True,True,Transient CDSE Processing API HTTP 401 token expiration on both pre- and post-event observation windows,PROCESSING_API_ERROR
FIRMS_TN_0445,445,PROCESSING_API_ERROR,PROCESSING_API_ERROR,True,True,Transient CDSE Processing API HTTP 401 token expiration on both pre- and post-event observation windows,PROCESSING_API_ERROR
FIRMS_TN_0446,446,MISSING_PRODUCT,PROCESSING_API_ERROR,False,True,Transient CDSE Processing API HTTP 401 token expiration on post-event window; pre-event status is legitimate MISSING_PRODUCT,PROCESSING_API_ERROR
FIRMS_TN_0447,447,PROCESSING_API_ERROR,PROCESSING_API_ERROR,True,True,Transient CDSE Processing API HTTP 401 token expiration on both pre- and post-event observation windows,PROCESSING_API_ERROR
FIRMS_TN_0448,448,PROCESSING_API_ERROR,PROCESSING_API_ERROR,True,True,Transient CDSE Processing API HTTP 401 token expiration on both pre- and post-event observation windows,PROCESSING_API_ERROR
FIRMS_TN_0449,449,PROCESSING_API_ERROR,PROCESSING_API_ERROR,True,True,Transient CDSE Processing API HTTP 401 token expiration on both pre- and post-event observation windows,PROCESSING_API_ERROR
FIRMS_TN_0453,453,PROCESSING_API_ERROR,PROCESSING_API_ERROR,True,True,Transient CDSE Processing API HTTP 401 token expiration on both pre- and post-event observation windows,PROCESSING_API_ERROR
FIRMS_TN_0455,455,PROCESSING_API_ERROR,PROCESSING_API_ERROR,True,True,Transient CDSE Processing API HTTP 401 token expiration on both pre- and post-event observation windows,PROCESSING_API_ERROR
FIRMS_TN_0457,457,MISSING_PRODUCT,PROCESSING_API_ERROR,False,True,Transient CDSE Processing API HTTP 401 token expiration on post-event window; pre-event status is legitimate MISSING_PRODUCT,PROCESSING_API_ERROR
FIRMS_TN_0458,458,PROCESSING_API_ERROR,PROCESSING_API_ERROR,True,True,Transient CDSE Processing API HTTP 401 token expiration on both pre- and post-event observation windows,PROCESSING_API_ERROR
FIRMS_TN_0459,459,PROCESSING_API_ERROR,PROCESSING_API_ERROR,True,True,Transient CDSE Processing API HTTP 401 token expiration on both pre- and post-event observation windows,PROCESSING_API_ERROR
FIRMS_TN_0460,460,PROCESSING_API_ERROR,PROCESSING_API_ERROR,True,True,Transient CDSE Processing API HTTP 401 token expiration on both pre- and post-event observation windows,PROCESSING_API_ERROR
FIRMS_TN_0461,461,PROCESSING_API_ERROR,PROCESSING_API_ERROR,True,True,Transient CDSE Processing API HTTP 401 token expiration on both pre- and post-event observation windows,PROCESSING_API_ERROR
FIRMS_TN_0464,464,PROCESSING_API_ERROR,PROCESSING_API_ERROR,True,True,Transient CDSE Processing API HTTP 401 token expiration on both pre- and post-event observation windows,PROCESSING_API_ERROR
FIRMS_TN_0465,465,PROCESSING_API_ERROR,PROCESSING_API_ERROR,True,True,Transient CDSE Processing API HTTP 401 token expiration on both pre- and post-event observation windows,PROCESSING_API_ERROR
FIRMS_TN_0466,466,PROCESSING_API_ERROR,PROCESSING_API_ERROR,True,True,Transient CDSE Processing API HTTP 401 token expiration on both pre- and post-event observation windows,PROCESSING_API_ERROR
FIRMS_TN_0467,467,PROCESSING_API_ERROR,PROCESSING_API_ERROR,True,True,Transient CDSE Processing API HTTP 401 token expiration on both pre- and post-event observation windows,PROCESSING_API_ERROR
FIRMS_TN_0468,468,PROCESSING_API_ERROR,PROCESSING_API_ERROR,True,True,Transient CDSE Processing API HTTP 401 token expiration on both pre- and post-event observation windows,PROCESSING_API_ERROR
FIRMS_TN_0469,469,PROCESSING_API_ERROR,PROCESSING_API_ERROR,True,True,Transient CDSE Processing API HTTP 401 token expiration on both pre- and post-event observation windows,PROCESSING_API_ERROR
FIRMS_TN_0470,470,PROCESSING_API_ERROR,PROCESSING_API_ERROR,True,True,Transient CDSE Processing API HTTP 401 token expiration on both pre- and post-event observation windows,PROCESSING_API_ERROR
FIRMS_TN_0471,471,PROCESSING_API_ERROR,MISSING_PRODUCT,True,False,Transient CDSE Processing API HTTP 401 token expiration on pre-event window; post-event status is legitimate MISSING_PRODUCT,PROCESSING_API_ERROR
FIRMS_TN_0472,472,PROCESSING_API_ERROR,PROCESSING_API_ERROR,True,True,Transient CDSE Processing API HTTP 401 token expiration on both pre- and post-event observation windows,PROCESSING_API_ERROR
FIRMS_TN_0473,473,PROCESSING_API_ERROR,PROCESSING_API_ERROR,True,True,Transient CDSE Processing API HTTP 401 token expiration on both pre- and post-event observation windows,PROCESSING_API_ERROR
FIRMS_TN_0474,474,MISSING_PRODUCT,PROCESSING_API_ERROR,False,True,Transient CDSE Processing API HTTP 401 token expiration on post-event window; pre-event status is legitimate MISSING_PRODUCT,PROCESSING_API_ERROR
FIRMS_TN_0475,475,PROCESSING_API_ERROR,PROCESSING_API_ERROR,True,True,Transient CDSE Processing API HTTP 401 token expiration on both pre- and post-event observation windows,PROCESSING_API_ERROR
FIRMS_TN_0476,476,MISSING_PRODUCT,PROCESSING_API_ERROR,False,True,Transient CDSE Processing API HTTP 401 token expiration on post-event window; pre-event status is legitimate MISSING_PRODUCT,PROCESSING_API_ERROR
FIRMS_TN_0477,477,PROCESSING_API_ERROR,PROCESSING_API_ERROR,True,True,Transient CDSE Processing API HTTP 401 token expiration on both pre- and post-event observation windows,PROCESSING_API_ERROR
FIRMS_TN_0478,478,PROCESSING_API_ERROR,PROCESSING_API_ERROR,True,True,Transient CDSE Processing API HTTP 401 token expiration on both pre- and post-event observation windows,PROCESSING_API_ERROR
FIRMS_TN_0479,479,PROCESSING_API_ERROR,PROCESSING_API_ERROR,True,True,Transient CDSE Processing API HTTP 401 token expiration on both pre- and post-event observation windows,PROCESSING_API_ERROR
FIRMS_TN_0480,480,PROCESSING_API_ERROR,PROCESSING_API_ERROR,True,True,Transient CDSE Processing API HTTP 401 token expiration on both pre- and post-event observation windows,PROCESSING_API_ERROR
FIRMS_TN_0481,481,PROCESSING_API_ERROR,MISSING_PRODUCT,True,False,Transient CDSE Processing API HTTP 401 token expiration on pre-event window; post-event status is legitimate MISSING_PRODUCT,PROCESSING_API_ERROR
FIRMS_TN_0482,482,PROCESSING_API_ERROR,PROCESSING_API_ERROR,True,True,Transient CDSE Processing API HTTP 401 token expiration on both pre- and post-event observation windows,PROCESSING_API_ERROR
FIRMS_TN_0483,483,PROCESSING_API_ERROR,PROCESSING_API_ERROR,True,True,Transient CDSE Processing API HTTP 401 token expiration on both pre- and post-event observation windows,PROCESSING_API_ERROR
FIRMS_TN_0484,484,MISSING_PRODUCT,PROCESSING_API_ERROR,False,True,Transient CDSE Processing API HTTP 401 token expiration on post-event window; pre-event status is legitimate MISSING_PRODUCT,PROCESSING_API_ERROR
FIRMS_TN_0485,485,PROCESSING_API_ERROR,PROCESSING_API_ERROR,True,True,Transient CDSE Processing API HTTP 401 token expiration on both pre- and post-event observation windows,PROCESSING_API_ERROR
FIRMS_TN_0486,486,PROCESSING_API_ERROR,MISSING_PRODUCT,True,False,Transient CDSE Processing API HTTP 401 token expiration on pre-event window; post-event status is legitimate MISSING_PRODUCT,PROCESSING_API_ERROR
FIRMS_TN_0487,487,PROCESSING_API_ERROR,PROCESSING_API_ERROR,True,True,Transient CDSE Processing API HTTP 401 token expiration on both pre- and post-event observation windows,PROCESSING_API_ERROR
FIRMS_TN_0488,488,PROCESSING_API_ERROR,PROCESSING_API_ERROR,True,True,Transient CDSE Processing API HTTP 401 token expiration on both pre- and post-event observation windows,PROCESSING_API_ERROR
FIRMS_TN_0489,489,PROCESSING_API_ERROR,PROCESSING_API_ERROR,True,True,Transient CDSE Processing API HTTP 401 token expiration on both pre- and post-event observation windows,PROCESSING_API_ERROR
FIRMS_TN_0490,490,PROCESSING_API_ERROR,PROCESSING_API_ERROR,True,True,Transient CDSE Processing API HTTP 401 token expiration on both pre- and post-event observation windows,PROCESSING_API_ERROR
FIRMS_TN_0491,491,PROCESSING_API_ERROR,PROCESSING_API_ERROR,True,True,Transient CDSE Processing API HTTP 401 token expiration on both pre- and post-event observation windows,PROCESSING_API_ERROR
FIRMS_TN_0492,492,MISSING_PRODUCT,PROCESSING_API_ERROR,False,True,Transient CDSE Processing API HTTP 401 token expiration on post-event window; pre-event status is legitimate MISSING_PRODUCT,PROCESSING_API_ERROR
FIRMS_TN_0493,493,MISSING_PRODUCT,PROCESSING_API_ERROR,False,True,Transient CDSE Processing API HTTP 401 token expiration on post-event window; pre-event status is legitimate MISSING_PRODUCT,PROCESSING_API_ERROR
FIRMS_TN_0494,494,PROCESSING_API_ERROR,PROCESSING_API_ERROR,True,True,Transient CDSE Processing API HTTP 401 token expiration on both pre- and post-event observation windows,PROCESSING_API_ERROR
FIRMS_TN_0495,495,MISSING_PRODUCT,PROCESSING_API_ERROR,False,True,Transient CDSE Processing API HTTP 401 token expiration on post-event window; pre-event status is legitimate MISSING_PRODUCT,PROCESSING_API_ERROR
FIRMS_TN_0496,496,PROCESSING_API_ERROR,PROCESSING_API_ERROR,True,True,Transient CDSE Processing API HTTP 401 token expiration on both pre- and post-event observation windows,PROCESSING_API_ERROR
FIRMS_TN_0497,497,PROCESSING_API_ERROR,PROCESSING_API_ERROR,True,True,Transient CDSE Processing API HTTP 401 token expiration on both pre- and post-event observation windows,PROCESSING_API_ERROR
FIRMS_TN_0498,498,MISSING_PRODUCT,PROCESSING_API_ERROR,False,True,Transient CDSE Processing API HTTP 401 token expiration on post-event window; pre-event status is legitimate MISSING_PRODUCT,PROCESSING_API_ERROR
FIRMS_TN_0499,499,MISSING_PRODUCT,PROCESSING_API_ERROR,False,True,Transient CDSE Processing API HTTP 401 token expiration on post-event window; pre-event status is legitimate MISSING_PRODUCT,PROCESSING_API_ERROR
FIRMS_TN_0500,500,PROCESSING_API_ERROR,PROCESSING_API_ERROR,True,True,Transient CDSE Processing API HTTP 401 token expiration on both pre- and post-event observation windows,PROCESSING_API_ERROR
FIRMS_TN_0501,501,PROCESSING_API_ERROR,PROCESSING_API_ERROR,True,True,Transient CDSE Processing API HTTP 401 token expiration on both pre- and post-event observation windows,PROCESSING_API_ERROR
FIRMS_TN_0502,502,PROCESSING_API_ERROR,PROCESSING_API_ERROR,True,True,Transient CDSE Processing API HTTP 401 token expiration on both pre- and post-event observation windows,PROCESSING_API_ERROR
FIRMS_TN_0503,503,PROCESSING_API_ERROR,PROCESSING_API_ERROR,True,True,Transient CDSE Processing API HTTP 401 token expiration on both pre- and post-event observation windows,PROCESSING_API_ERROR
FIRMS_TN_0504,504,MISSING_PRODUCT,PROCESSING_API_ERROR,False,True,Transient CDSE Processing API HTTP 401 token expiration on post-event window; pre-event status is legitimate MISSING_PRODUCT,PROCESSING_API_ERROR
FIRMS_TN_0505,505,MISSING_PRODUCT,PROCESSING_API_ERROR,False,True,Transient CDSE Processing API HTTP 401 token expiration on post-event window; pre-event status is legitimate MISSING_PRODUCT,PROCESSING_API_ERROR
FIRMS_TN_0506,506,MISSING_PRODUCT,PROCESSING_API_ERROR,False,True,Transient CDSE Processing API HTTP 401 token expiration on post-event window; pre-event status is legitimate MISSING_PRODUCT,PROCESSING_API_ERROR
FIRMS_TN_0507,507,PROCESSING_API_ERROR,PROCESSING_API_ERROR,True,True,Transient CDSE Processing API HTTP 401 token expiration on both pre- and post-event observation windows,PROCESSING_API_ERROR
FIRMS_TN_0508,508,PROCESSING_API_ERROR,PROCESSING_API_ERROR,True,True,Transient CDSE Processing API HTTP 401 token expiration on both pre- and post-event observation windows,PROCESSING_API_ERROR
FIRMS_TN_0509,509,MISSING_PRODUCT,PROCESSING_API_ERROR,False,True,Transient CDSE Processing API HTTP 401 token expiration on post-event window; pre-event status is legitimate MISSING_PRODUCT,PROCESSING_API_ERROR
FIRMS_TN_0510,510,PROCESSING_API_ERROR,PROCESSING_API_ERROR,True,True,Transient CDSE Processing API HTTP 401 token expiration on both pre- and post-event observation windows,PROCESSING_API_ERROR
FIRMS_TN_0511,511,MISSING_PRODUCT,PROCESSING_API_ERROR,False,True,Transient CDSE Processing API HTTP 401 token expiration on post-event window; pre-event status is legitimate MISSING_PRODUCT,PROCESSING_API_ERROR
FIRMS_TN_0512,512,PROCESSING_API_ERROR,PROCESSING_API_ERROR,True,True,Transient CDSE Processing API HTTP 401 token expiration on both pre- and post-event observation windows,PROCESSING_API_ERROR
FIRMS_TN_0513,513,MISSING_PRODUCT,PROCESSING_API_ERROR,False,True,Transient CDSE Processing API HTTP 401 token expiration on post-event window; pre-event status is legitimate MISSING_PRODUCT,PROCESSING_API_ERROR
FIRMS_TN_0514,514,MISSING_PRODUCT,PROCESSING_API_ERROR,False,True,Transient CDSE Processing API HTTP 401 token expiration on post-event window; pre-event status is legitimate MISSING_PRODUCT,PROCESSING_API_ERROR
FIRMS_TN_0515,515,MISSING_PRODUCT,PROCESSING_API_ERROR,False,True,Transient CDSE Processing API HTTP 401 token expiration on post-event window; pre-event status is legitimate MISSING_PRODUCT,PROCESSING_API_ERROR
FIRMS_TN_0516,516,MISSING_PRODUCT,PROCESSING_API_ERROR,False,True,Transient CDSE Processing API HTTP 401 token expiration on post-event window; pre-event status is legitimate MISSING_PRODUCT,PROCESSING_API_ERROR
FIRMS_TN_0517,517,MISSING_PRODUCT,PROCESSING_API_ERROR,False,True,Transient CDSE Processing API HTTP 401 token expiration on post-event window; pre-event status is legitimate MISSING_PRODUCT,PROCESSING_API_ERROR
FIRMS_TN_0518,518,MISSING_PRODUCT,PROCESSING_API_ERROR,False,True,Transient CDSE Processing API HTTP 401 token expiration on post-event window; pre-event status is legitimate MISSING_PRODUCT,PROCESSING_API_ERROR
FIRMS_TN_0519,519,PROCESSING_API_ERROR,PROCESSING_API_ERROR,True,True,Transient CDSE Processing API HTTP 401 token expiration on both pre- and post-event observation windows,PROCESSING_API_ERROR
FIRMS_TN_0520,520,PROCESSING_API_ERROR,PROCESSING_API_ERROR,True,True,Transient CDSE Processing API HTTP 401 token expiration on both pre- and post-event observation windows,PROCESSING_API_ERROR
FIRMS_TN_0521,521,PROCESSING_API_ERROR,PROCESSING_API_ERROR,True,True,Transient CDSE Processing API HTTP 401 token expiration on both pre- and post-event observation windows,PROCESSING_API_ERROR
FIRMS_TN_0522,522,MISSING_PRODUCT,PROCESSING_API_ERROR,False,True,Transient CDSE Processing API HTTP 401 token expiration on post-event window; pre-event status is legitimate MISSING_PRODUCT,PROCESSING_API_ERROR
FIRMS_TN_0523,523,PROCESSING_API_ERROR,PROCESSING_API_ERROR,True,True,Transient CDSE Processing API HTTP 401 token expiration on both pre- and post-event observation windows,PROCESSING_API_ERROR
FIRMS_TN_0524,524,PROCESSING_API_ERROR,PROCESSING_API_ERROR,True,True,Transient CDSE Processing API HTTP 401 token expiration on both pre- and post-event observation windows,PROCESSING_API_ERROR
FIRMS_TN_0525,525,MISSING_PRODUCT,PROCESSING_API_ERROR,False,True,Transient CDSE Processing API HTTP 401 token expiration on post-event window; pre-event status is legitimate MISSING_PRODUCT,PROCESSING_API_ERROR
FIRMS_TN_0526,526,PROCESSING_API_ERROR,MISSING_PRODUCT,True,False,Transient CDSE Processing API HTTP 401 token expiration on pre-event window; post-event status is legitimate MISSING_PRODUCT,PROCESSING_API_ERROR
FIRMS_TN_0527,527,MISSING_PRODUCT,PROCESSING_API_ERROR,False,True,Transient CDSE Processing API HTTP 401 token expiration on post-event window; pre-event status is legitimate MISSING_PRODUCT,PROCESSING_API_ERROR
FIRMS_TN_0528,528,MISSING_PRODUCT,PROCESSING_API_ERROR,False,True,Transient CDSE Processing API HTTP 401 token expiration on post-event window; pre-event status is legitimate MISSING_PRODUCT,PROCESSING_API_ERROR
FIRMS_TN_0529,529,MISSING_PRODUCT,PROCESSING_API_ERROR,False,True,Transient CDSE Processing API HTTP 401 token expiration on post-event window; pre-event status is legitimate MISSING_PRODUCT,PROCESSING_API_ERROR
FIRMS_TN_0530,530,PROCESSING_API_ERROR,PROCESSING_API_ERROR,True,True,Transient CDSE Processing API HTTP 401 token expiration on both pre- and post-event observation windows,PROCESSING_API_ERROR
FIRMS_TN_0531,531,PROCESSING_API_ERROR,PROCESSING_API_ERROR,True,True,Transient CDSE Processing API HTTP 401 token expiration on both pre- and post-event observation windows,PROCESSING_API_ERROR
FIRMS_TN_0532,532,MISSING_PRODUCT,PROCESSING_API_ERROR,False,True,Transient CDSE Processing API HTTP 401 token expiration on post-event window; pre-event status is legitimate MISSING_PRODUCT,PROCESSING_API_ERROR
FIRMS_TN_0533,533,PROCESSING_API_ERROR,MISSING_PRODUCT,True,False,Transient CDSE Processing API HTTP 401 token expiration on pre-event window; post-event status is legitimate MISSING_PRODUCT,PROCESSING_API_ERROR
FIRMS_TN_0534,534,MISSING_PRODUCT,PROCESSING_API_ERROR,False,True,Transient CDSE Processing API HTTP 401 token expiration on post-event window; pre-event status is legitimate MISSING_PRODUCT,PROCESSING_API_ERROR
FIRMS_TN_0536,536,PROCESSING_API_ERROR,PROCESSING_API_ERROR,True,True,Transient CDSE Processing API HTTP 401 token expiration on both pre- and post-event observation windows,PROCESSING_API_ERROR
FIRMS_TN_0537,537,PROCESSING_API_ERROR,PROCESSING_API_ERROR,True,True,Transient CDSE Processing API HTTP 401 token expiration on both pre- and post-event observation windows,PROCESSING_API_ERROR
FIRMS_TN_0538,538,PROCESSING_API_ERROR,PROCESSING_API_ERROR,True,True,Transient CDSE Processing API HTTP 401 token expiration on both pre- and post-event observation windows,PROCESSING_API_ERROR
FIRMS_TN_0539,539,PROCESSING_API_ERROR,PROCESSING_API_ERROR,True,True,Transient CDSE Processing API HTTP 401 token expiration on both pre- and post-event observation windows,PROCESSING_API_ERROR
FIRMS_TN_0540,540,PROCESSING_API_ERROR,MISSING_PRODUCT,True,False,Transient CDSE Processing API HTTP 401 token expiration on pre-event window; post-event status is legitimate MISSING_PRODUCT,PROCESSING_API_ERROR
FIRMS_TN_0541,541,PROCESSING_API_ERROR,PROCESSING_API_ERROR,True,True,Transient CDSE Processing API HTTP 401 token expiration on both pre- and post-event observation windows,PROCESSING_API_ERROR
FIRMS_TN_0542,542,MISSING_PRODUCT,PROCESSING_API_ERROR,False,True,Transient CDSE Processing API HTTP 401 token expiration on post-event window; pre-event status is legitimate MISSING_PRODUCT,PROCESSING_API_ERROR
FIRMS_TN_0543,543,PROCESSING_API_ERROR,PROCESSING_API_ERROR,True,True,Transient CDSE Processing API HTTP 401 token expiration on both pre- and post-event observation windows,PROCESSING_API_ERROR
FIRMS_TN_0544,544,PROCESSING_API_ERROR,MISSING_PRODUCT,True,False,Transient CDSE Processing API HTTP 401 token expiration on pre-event window; post-event status is legitimate MISSING_PRODUCT,PROCESSING_API_ERROR
FIRMS_TN_0545,545,MISSING_PRODUCT,PROCESSING_API_ERROR,False,True,Transient CDSE Processing API HTTP 401 token expiration on post-event window; pre-event status is legitimate MISSING_PRODUCT,PROCESSING_API_ERROR
FIRMS_TN_0546,546,PROCESSING_API_ERROR,PROCESSING_API_ERROR,True,True,Transient CDSE Processing API HTTP 401 token expiration on both pre- and post-event observation windows,PROCESSING_API_ERROR
FIRMS_TN_0547,547,MISSING_PRODUCT,PROCESSING_API_ERROR,False,True,Transient CDSE Processing API HTTP 401 token expiration on post-event window; pre-event status is legitimate MISSING_PRODUCT,PROCESSING_API_ERROR
FIRMS_TN_0548,548,PROCESSING_API_ERROR,PROCESSING_API_ERROR,True,True,Transient CDSE Processing API HTTP 401 token expiration on both pre- and post-event observation windows,PROCESSING_API_ERROR
FIRMS_TN_0549,549,PROCESSING_API_ERROR,MISSING_PRODUCT,True,False,Transient CDSE Processing API HTTP 401 token expiration on pre-event window; post-event status is legitimate MISSING_PRODUCT,PROCESSING_API_ERROR
FIRMS_TN_0550,550,PROCESSING_API_ERROR,MISSING_PRODUCT,True,False,Transient CDSE Processing API HTTP 401 token expiration on pre-event window; post-event status is legitimate MISSING_PRODUCT,PROCESSING_API_ERROR
FIRMS_TN_0551,551,MISSING_PRODUCT,PROCESSING_API_ERROR,False,True,Transient CDSE Processing API HTTP 401 token expiration on post-event window; pre-event status is legitimate MISSING_PRODUCT,PROCESSING_API_ERROR
FIRMS_TN_0552,552,PROCESSING_API_ERROR,PROCESSING_API_ERROR,True,True,Transient CDSE Processing API HTTP 401 token expiration on both pre- and post-event observation windows,PROCESSING_API_ERROR
FIRMS_TN_0553,553,MISSING_PRODUCT,PROCESSING_API_ERROR,False,True,Transient CDSE Processing API HTTP 401 token expiration on post-event window; pre-event status is legitimate MISSING_PRODUCT,PROCESSING_API_ERROR
FIRMS_TN_0554,554,PROCESSING_API_ERROR,PROCESSING_API_ERROR,True,True,Transient CDSE Processing API HTTP 401 token expiration on both pre- and post-event observation windows,PROCESSING_API_ERROR
FIRMS_TN_0555,555,PROCESSING_API_ERROR,MISSING_PRODUCT,True,False,Transient CDSE Processing API HTTP 401 token expiration on pre-event window; post-event status is legitimate MISSING_PRODUCT,PROCESSING_API_ERROR
FIRMS_TN_0556,556,PROCESSING_API_ERROR,MISSING_PRODUCT,True,False,Transient CDSE Processing API HTTP 401 token expiration on pre-event window; post-event status is legitimate MISSING_PRODUCT,PROCESSING_API_ERROR
FIRMS_TN_0557,557,PROCESSING_API_ERROR,PROCESSING_API_ERROR,True,True,Transient CDSE Processing API HTTP 401 token expiration on both pre- and post-event observation windows,PROCESSING_API_ERROR
FIRMS_TN_0558,558,PROCESSING_API_ERROR,PROCESSING_API_ERROR,True,True,Transient CDSE Processing API HTTP 401 token expiration on both pre- and post-event observation windows,PROCESSING_API_ERROR
FIRMS_TN_0559,559,PROCESSING_API_ERROR,PROCESSING_API_ERROR,True,True,Transient CDSE Processing API HTTP 401 token expiration on both pre- and post-event observation windows,PROCESSING_API_ERROR
FIRMS_TN_0560,560,PROCESSING_API_ERROR,MISSING_PRODUCT,True,False,Transient CDSE Processing API HTTP 401 token expiration on pre-event window; post-event status is legitimate MISSING_PRODUCT,PROCESSING_API_ERROR
FIRMS_TN_0561,561,PROCESSING_API_ERROR,PROCESSING_API_ERROR,True,True,Transient CDSE Processing API HTTP 401 token expiration on both pre- and post-event observation windows,PROCESSING_API_ERROR
FIRMS_TN_0562,562,PROCESSING_API_ERROR,MISSING_PRODUCT,True,False,Transient CDSE Processing API HTTP 401 token expiration on pre-event window; post-event status is legitimate MISSING_PRODUCT,PROCESSING_API_ERROR
FIRMS_TN_0563,563,PROCESSING_API_ERROR,MISSING_PRODUCT,True,False,Transient CDSE Processing API HTTP 401 token expiration on pre-event window; post-event status is legitimate MISSING_PRODUCT,PROCESSING_API_ERROR
FIRMS_TN_0564,564,PROCESSING_API_ERROR,PROCESSING_API_ERROR,True,True,Transient CDSE Processing API HTTP 401 token expiration on both pre- and post-event observation windows,PROCESSING_API_ERROR
FIRMS_TN_0565,565,PROCESSING_API_ERROR,PROCESSING_API_ERROR,True,True,Transient CDSE Processing API HTTP 401 token expiration on both pre- and post-event observation windows,PROCESSING_API_ERROR
FIRMS_TN_0566,566,PROCESSING_API_ERROR,PROCESSING_API_ERROR,True,True,Transient CDSE Processing API HTTP 401 token expiration on both pre- and post-event observation windows,PROCESSING_API_ERROR
FIRMS_TN_0567,567,MISSING_PRODUCT,PROCESSING_API_ERROR,False,True,Transient CDSE Processing API HTTP 401 token expiration on post-event window; pre-event status is legitimate MISSING_PRODUCT,PROCESSING_API_ERROR
FIRMS_TN_0568,568,PROCESSING_API_ERROR,MISSING_PRODUCT,True,False,Transient CDSE Processing API HTTP 401 token expiration on pre-event window; post-event status is legitimate MISSING_PRODUCT,PROCESSING_API_ERROR
FIRMS_TN_0569,569,PROCESSING_API_ERROR,MISSING_PRODUCT,True,False,Transient CDSE Processing API HTTP 401 token expiration on pre-event window; post-event status is legitimate MISSING_PRODUCT,PROCESSING_API_ERROR
FIRMS_TN_0570,570,PROCESSING_API_ERROR,MISSING_PRODUCT,True,False,Transient CDSE Processing API HTTP 401 token expiration on pre-event window; post-event status is legitimate MISSING_PRODUCT,PROCESSING_API_ERROR
FIRMS_TN_0571,571,PROCESSING_API_ERROR,PROCESSING_API_ERROR,True,True,Transient CDSE Processing API HTTP 401 token expiration on both pre- and post-event observation windows,PROCESSING_API_ERROR
FIRMS_TN_0572,572,PROCESSING_API_ERROR,PROCESSING_API_ERROR,True,True,Transient CDSE Processing API HTTP 401 token expiration on both pre- and post-event observation windows,PROCESSING_API_ERROR
FIRMS_TN_0573,573,PROCESSING_API_ERROR,PROCESSING_API_ERROR,True,True,Transient CDSE Processing API HTTP 401 token expiration on both pre- and post-event observation windows,PROCESSING_API_ERROR
FIRMS_TN_0574,574,PROCESSING_API_ERROR,PROCESSING_API_ERROR,True,True,Transient CDSE Processing API HTTP 401 token expiration on both pre- and post-event observation windows,PROCESSING_API_ERROR
FIRMS_TN_0575,575,PROCESSING_API_ERROR,PROCESSING_API_ERROR,True,True,Transient CDSE Processing API HTTP 401 token expiration on both pre- and post-event observation windows,PROCESSING_API_ERROR
FIRMS_TN_0576,576,PROCESSING_API_ERROR,PROCESSING_API_ERROR,True,True,Transient CDSE Processing API HTTP 401 token expiration on both pre- and post-event observation windows,PROCESSING_API_ERROR
FIRMS_TN_0577,577,PROCESSING_API_ERROR,PROCESSING_API_ERROR,True,True,Transient CDSE Processing API HTTP 401 token expiration on both pre- and post-event observation windows,PROCESSING_API_ERROR
FIRMS_TN_0578,578,MISSING_PRODUCT,PROCESSING_API_ERROR,False,True,Transient CDSE Processing API HTTP 401 token expiration on post-event window; pre-event status is legitimate MISSING_PRODUCT,PROCESSING_API_ERROR
FIRMS_TN_0579,579,PROCESSING_API_ERROR,PROCESSING_API_ERROR,True,True,Transient CDSE Processing API HTTP 401 token expiration on both pre- and post-event observation windows,PROCESSING_API_ERROR
FIRMS_TN_0580,580,PROCESSING_API_ERROR,PROCESSING_API_ERROR,True,True,Transient CDSE Processing API HTTP 401 token expiration on both pre- and post-event observation windows,PROCESSING_API_ERROR
FIRMS_TN_0581,581,PROCESSING_API_ERROR,PROCESSING_API_ERROR,True,True,Transient CDSE Processing API HTTP 401 token expiration on both pre- and post-event observation windows,PROCESSING_API_ERROR
FIRMS_TN_0582,582,PROCESSING_API_ERROR,MISSING_PRODUCT,True,False,Transient CDSE Processing API HTTP 401 token expiration on pre-event window; post-event status is legitimate MISSING_PRODUCT,PROCESSING_API_ERROR
FIRMS_TN_0583,583,PROCESSING_API_ERROR,MISSING_PRODUCT,True,False,Transient CDSE Processing API HTTP 401 token expiration on pre-event window; post-event status is legitimate MISSING_PRODUCT,PROCESSING_API_ERROR
FIRMS_TN_0584,584,PROCESSING_API_ERROR,PROCESSING_API_ERROR,True,True,Transient CDSE Processing API HTTP 401 token expiration on both pre- and post-event observation windows,PROCESSING_API_ERROR
FIRMS_TN_0585,585,PROCESSING_API_ERROR,PROCESSING_API_ERROR,True,True,Transient CDSE Processing API HTTP 401 token expiration on both pre- and post-event observation windows,PROCESSING_API_ERROR
FIRMS_TN_0586,586,PROCESSING_API_ERROR,MISSING_PRODUCT,True,False,Transient CDSE Processing API HTTP 401 token expiration on pre-event window; post-event status is legitimate MISSING_PRODUCT,PROCESSING_API_ERROR
FIRMS_TN_0587,587,PROCESSING_API_ERROR,MISSING_PRODUCT,True,False,Transient CDSE Processing API HTTP 401 token expiration on pre-event window; post-event status is legitimate MISSING_PRODUCT,PROCESSING_API_ERROR
FIRMS_TN_0588,588,PROCESSING_API_ERROR,MISSING_PRODUCT,True,False,Transient CDSE Processing API HTTP 401 token expiration on pre-event window; post-event status is legitimate MISSING_PRODUCT,PROCESSING_API_ERROR
FIRMS_TN_0589,589,PROCESSING_API_ERROR,MISSING_PRODUCT,True,False,Transient CDSE Processing API HTTP 401 token expiration on pre-event window; post-event status is legitimate MISSING_PRODUCT,PROCESSING_API_ERROR
FIRMS_TN_0590,590,PROCESSING_API_ERROR,MISSING_PRODUCT,True,False,Transient CDSE Processing API HTTP 401 token expiration on pre-event window; post-event status is legitimate MISSING_PRODUCT,PROCESSING_API_ERROR
FIRMS_TN_0591,591,PROCESSING_API_ERROR,MISSING_PRODUCT,True,False,Transient CDSE Processing API HTTP 401 token expiration on pre-event window; post-event status is legitimate MISSING_PRODUCT,PROCESSING_API_ERROR
FIRMS_TN_0592,592,PROCESSING_API_ERROR,MISSING_PRODUCT,True,False,Transient CDSE Processing API HTTP 401 token expiration on pre-event window; post-event status is legitimate MISSING_PRODUCT,PROCESSING_API_ERROR
FIRMS_TN_0593,593,PROCESSING_API_ERROR,PROCESSING_API_ERROR,True,True,Transient CDSE Processing API HTTP 401 token expiration on both pre- and post-event observation windows,PROCESSING_API_ERROR
FIRMS_TN_0594,594,PROCESSING_API_ERROR,MISSING_PRODUCT,True,False,Transient CDSE Processing API HTTP 401 token expiration on pre-event window; post-event status is legitimate MISSING_PRODUCT,PROCESSING_API_ERROR
FIRMS_TN_0595,595,PROCESSING_API_ERROR,MISSING_PRODUCT,True,False,Transient CDSE Processing API HTTP 401 token expiration on pre-event window; post-event status is legitimate MISSING_PRODUCT,PROCESSING_API_ERROR
FIRMS_TN_0596,596,PROCESSING_API_ERROR,PROCESSING_API_ERROR,True,True,Transient CDSE Processing API HTTP 401 token expiration on both pre- and post-event observation windows,PROCESSING_API_ERROR
FIRMS_TN_0597,597,PROCESSING_API_ERROR,PROCESSING_API_ERROR,True,True,Transient CDSE Processing API HTTP 401 token expiration on both pre- and post-event observation windows,PROCESSING_API_ERROR
FIRMS_TN_0598,598,PROCESSING_API_ERROR,PROCESSING_API_ERROR,True,True,Transient CDSE Processing API HTTP 401 token expiration on both pre- and post-event observation windows,PROCESSING_API_ERROR
FIRMS_TN_0599,599,MISSING_PRODUCT,PROCESSING_API_ERROR,False,True,Transient CDSE Processing API HTTP 401 token expiration on post-event window; pre-event status is legitimate MISSING_PRODUCT,PROCESSING_API_ERROR
FIRMS_TN_0600,600,PROCESSING_API_ERROR,PROCESSING_API_ERROR,True,True,Transient CDSE Processing API HTTP 401 token expiration on both pre- and post-event observation windows,PROCESSING_API_ERROR
FIRMS_TN_0601,601,PROCESSING_API_ERROR,MISSING_PRODUCT,True,False,Transient CDSE Processing API HTTP 401 token expiration on pre-event window; post-event status is legitimate MISSING_PRODUCT,PROCESSING_API_ERROR
FIRMS_TN_0602,602,PROCESSING_API_ERROR,MISSING_PRODUCT,True,False,Transient CDSE Processing API HTTP 401 token expiration on pre-event window; post-event status is legitimate MISSING_PRODUCT,PROCESSING_API_ERROR
FIRMS_TN_0603,603,PROCESSING_API_ERROR,PROCESSING_API_ERROR,True,True,Transient CDSE Processing API HTTP 401 token expiration on both pre- and post-event observation windows,PROCESSING_API_ERROR
FIRMS_TN_0604,604,PROCESSING_API_ERROR,PROCESSING_API_ERROR,True,True,Transient CDSE Processing API HTTP 401 token expiration on both pre- and post-event observation windows,PROCESSING_API_ERROR
FIRMS_TN_0605,605,PROCESSING_API_ERROR,PROCESSING_API_ERROR,True,True,Transient CDSE Processing API HTTP 401 token expiration on both pre- and post-event observation windows,PROCESSING_API_ERROR
FIRMS_TN_0606,606,PROCESSING_API_ERROR,PROCESSING_API_ERROR,True,True,Transient CDSE Processing API HTTP 401 token expiration on both pre- and post-event observation windows,PROCESSING_API_ERROR
FIRMS_TN_0607,607,PROCESSING_API_ERROR,PROCESSING_API_ERROR,True,True,Transient CDSE Processing API HTTP 401 token expiration on both pre- and post-event observation windows,PROCESSING_API_ERROR
FIRMS_TN_0608,608,PROCESSING_API_ERROR,PROCESSING_API_ERROR,True,True,Transient CDSE Processing API HTTP 401 token expiration on both pre- and post-event observation windows,PROCESSING_API_ERROR
FIRMS_TN_0609,609,PROCESSING_API_ERROR,MISSING_PRODUCT,True,False,Transient CDSE Processing API HTTP 401 token expiration on pre-event window; post-event status is legitimate MISSING_PRODUCT,PROCESSING_API_ERROR
FIRMS_TN_0610,610,PROCESSING_API_ERROR,PROCESSING_API_ERROR,True,True,Transient CDSE Processing API HTTP 401 token expiration on both pre- and post-event observation windows,PROCESSING_API_ERROR
FIRMS_TN_0611,611,PROCESSING_API_ERROR,PROCESSING_API_ERROR,True,True,Transient CDSE Processing API HTTP 401 token expiration on both pre- and post-event observation windows,PROCESSING_API_ERROR
FIRMS_TN_0612,612,PROCESSING_API_ERROR,PROCESSING_API_ERROR,True,True,Transient CDSE Processing API HTTP 401 token expiration on both pre- and post-event observation windows,PROCESSING_API_ERROR
FIRMS_TN_0613,613,PROCESSING_API_ERROR,PROCESSING_API_ERROR,True,True,Transient CDSE Processing API HTTP 401 token expiration on both pre- and post-event observation windows,PROCESSING_API_ERROR
FIRMS_TN_0614,614,PROCESSING_API_ERROR,MISSING_PRODUCT,True,False,Transient CDSE Processing API HTTP 401 token expiration on pre-event window; post-event status is legitimate MISSING_PRODUCT,PROCESSING_API_ERROR
FIRMS_TN_0615,615,PROCESSING_API_ERROR,PROCESSING_API_ERROR,True,True,Transient CDSE Processing API HTTP 401 token expiration on both pre- and post-event observation windows,PROCESSING_API_ERROR
FIRMS_TN_0616,616,PROCESSING_API_ERROR,PROCESSING_API_ERROR,True,True,Transient CDSE Processing API HTTP 401 token expiration on both pre- and post-event observation windows,PROCESSING_API_ERROR
FIRMS_TN_0617,617,PROCESSING_API_ERROR,MISSING_PRODUCT,True,False,Transient CDSE Processing API HTTP 401 token expiration on pre-event window; post-event status is legitimate MISSING_PRODUCT,PROCESSING_API_ERROR
FIRMS_TN_0618,618,PROCESSING_API_ERROR,MISSING_PRODUCT,True,False,Transient CDSE Processing API HTTP 401 token expiration on pre-event window; post-event status is legitimate MISSING_PRODUCT,PROCESSING_API_ERROR
FIRMS_TN_0619,619,PROCESSING_API_ERROR,MISSING_PRODUCT,True,False,Transient CDSE Processing API HTTP 401 token expiration on pre-event window; post-event status is legitimate MISSING_PRODUCT,PROCESSING_API_ERROR
FIRMS_TN_0620,620,PROCESSING_API_ERROR,MISSING_PRODUCT,True,False,Transient CDSE Processing API HTTP 401 token expiration on pre-event window; post-event status is legitimate MISSING_PRODUCT,PROCESSING_API_ERROR
FIRMS_TN_0621,621,PROCESSING_API_ERROR,PROCESSING_API_ERROR,True,True,Transient CDSE Processing API HTTP 401 token expiration on both pre- and post-event observation windows,PROCESSING_API_ERROR
FIRMS_TN_0622,622,PROCESSING_API_ERROR,PROCESSING_API_ERROR,True,True,Transient CDSE Processing API HTTP 401 token expiration on both pre- and post-event observation windows,PROCESSING_API_ERROR
FIRMS_TN_0623,623,PROCESSING_API_ERROR,MISSING_PRODUCT,True,False,Transient CDSE Processing API HTTP 401 token expiration on pre-event window; post-event status is legitimate MISSING_PRODUCT,PROCESSING_API_ERROR
FIRMS_TN_0624,624,PROCESSING_API_ERROR,MISSING_PRODUCT,True,False,Transient CDSE Processing API HTTP 401 token expiration on pre-event window; post-event status is legitimate MISSING_PRODUCT,PROCESSING_API_ERROR
FIRMS_TN_0625,625,PROCESSING_API_ERROR,PROCESSING_API_ERROR,True,True,Transient CDSE Processing API HTTP 401 token expiration on both pre- and post-event observation windows,PROCESSING_API_ERROR
FIRMS_TN_0626,626,PROCESSING_API_ERROR,PROCESSING_API_ERROR,True,True,Transient CDSE Processing API HTTP 401 token expiration on both pre- and post-event observation windows,PROCESSING_API_ERROR
FIRMS_TN_0627,627,PROCESSING_API_ERROR,PROCESSING_API_ERROR,True,True,Transient CDSE Processing API HTTP 401 token expiration on both pre- and post-event observation windows,PROCESSING_API_ERROR
FIRMS_TN_0628,628,PROCESSING_API_ERROR,PROCESSING_API_ERROR,True,True,Transient CDSE Processing API HTTP 401 token expiration on both pre- and post-event observation windows,PROCESSING_API_ERROR
FIRMS_TN_0629,629,PROCESSING_API_ERROR,MISSING_PRODUCT,True,False,Transient CDSE Processing API HTTP 401 token expiration on pre-event window; post-event status is legitimate MISSING_PRODUCT,PROCESSING_API_ERROR
FIRMS_TN_0630,630,PROCESSING_API_ERROR,MISSING_PRODUCT,True,False,Transient CDSE Processing API HTTP 401 token expiration on pre-event window; post-event status is legitimate MISSING_PRODUCT,PROCESSING_API_ERROR
FIRMS_TN_0631,631,PROCESSING_API_ERROR,MISSING_PRODUCT,True,False,Transient CDSE Processing API HTTP 401 token expiration on pre-event window; post-event status is legitimate MISSING_PRODUCT,PROCESSING_API_ERROR
FIRMS_TN_0632,632,PROCESSING_API_ERROR,PROCESSING_API_ERROR,True,True,Transient CDSE Processing API HTTP 401 token expiration on both pre- and post-event observation windows,PROCESSING_API_ERROR
