event_id,retry_pre_attempted,pre_status,attempts_pre,retry_post_attempted,post_status,attempts_post,overall_status,is_real_cdse_data,error_category,timestamp
FIRMS_TN_0359,True,CLOUD_REJECTED,1,True,CLOUD_REJECTED,1,CLOUD_REJECTED,True,CLOUD_REJECTED,2026-09-05T17:45:12Z
FIRMS_TN_0360,True,CLOUD_REJECTED,1,True,CLOUD_REJECTED,1,CLOUD_REJECTED,True,CLOUD_REJECTED,2026-09-05T17:45:15Z
FIRMS_TN_0361,True,CLOUD_REJECTED,1,True,CLOUD_REJECTED,1,CLOUD_REJECTED,True,CLOUD_REJECTED,2026-09-05T17:45:19Z
FIRMS_TN_0362,True,CLOUD_REJECTED,1,True,CLOUD_REJECTED,1,CLOUD_REJECTED,True,CLOUD_REJECTED,2026-09-05T17:45:22Z
FIRMS_TN_0363,True,CLOUD_REJECTED,1,True,CLOUD_REJECTED,1,CLOUD_REJECTED,True,CLOUD_REJECTED,2026-09-05T17:45:26Z
FIRMS_TN_0364,True,CLOUD_REJECTED,1,True,CLOUD_REJECTED,1,CLOUD_REJECTED,True,CLOUD_REJECTED,2026-09-05T17:45:30Z
FIRMS_TN_0365,True,CLOUD_REJECTED,1,True,CLOUD_REJECTED,1,CLOUD_REJECTED,True,CLOUD_REJECTED,2026-09-05T17:45:33Z
FIRMS_TN_0367,True,CLOUD_REJECTED,1,False,MISSING_PRODUCT,0,CLOUD_REJECTED,True,CLOUD_REJECTED,2026-09-05T17:45:35Z
FIRMS_TN_0368,True,REAL_CDSE_SUCCESS,1,False,MISSING_PRODUCT,0,PARTIAL_PRE_ONLY,True,,2026-09-05T17:45:37Z
FIRMS_TN_0369,True,CLOUD_REJECTED,1,False,MISSING_PRODUCT,0,CLOUD_REJECTED,True,CLOUD_REJECTED,2026-09-05T17:45:40Z
FIRMS_TN_0370,True,CLOUD_REJECTED,1,False,MISSING_PRODUCT,0,CLOUD_REJECTED,True,CLOUD_REJECTED,2026-09-05T17:45:42Z
FIRMS_TN_0371,True,CLOUD_REJECTED,1,False,MISSING_PRODUCT,0,CLOUD_REJECTED,True,CLOUD_REJECTED,2026-09-05T17:45:44Z
FIRMS_TN_0372,True,REAL_CDSE_SUCCESS,1,False,MISSING_PRODUCT,0,PARTIAL_PRE_ONLY,True,,2026-09-05T17:45:45Z
FIRMS_TN_0373,True,REAL_CDSE_SUCCESS,1,False,MISSING_PRODUCT,0,PARTIAL_PRE_ONLY,True,,2026-09-05T17:45:47Z
FIRMS_TN_0375,True,CLOUD_REJECTED,1,False,MISSING_PRODUCT,0,CLOUD_REJECTED,True,CLOUD_REJECTED,2026-09-05T17:45:49Z
FIRMS_TN_0376,True,REAL_CDSE_SUCCESS,1,False,MISSING_PRODUCT,0,PARTIAL_PRE_ONLY,True,,2026-09-05T17:45:51Z
FIRMS_TN_0377,True,REAL_CDSE_SUCCESS,1,False,MISSING_PRODUCT,0,PARTIAL_PRE_ONLY,True,,2026-09-05T17:45:53Z
FIRMS_TN_0378,True,REAL_CDSE_SUCCESS,1,False,MISSING_PRODUCT,0,PARTIAL_PRE_ONLY,True,,2026-09-05T17:45:55Z
FIRMS_TN_0379,True,REAL_CDSE_SUCCESS,1,False,MISSING_PRODUCT,0,PARTIAL_PRE_ONLY,True,,2026-09-05T17:45:57Z
FIRMS_TN_0380,True,CLOUD_REJECTED,1,False,MISSING_PRODUCT,0,CLOUD_REJECTED,True,CLOUD_REJECTED,2026-09-05T17:45:59Z
FIRMS_TN_0385,True,CLOUD_REJECTED,1,False,MISSING_PRODUCT,0,CLOUD_REJECTED,True,CLOUD_REJECTED,2026-09-05T17:46:00Z
FIRMS_TN_0386,True,CLOUD_REJECTED,1,False,MISSING_PRODUCT,0,CLOUD_REJECTED,True,CLOUD_REJECTED,2026-09-05T17:46:03Z
FIRMS_TN_0387,True,REAL_CDSE_SUCCESS,1,False,MISSING_PRODUCT,0,PARTIAL_PRE_ONLY,True,,2026-09-05T17:46:05Z
FIRMS_TN_0388,True,CLOUD_REJECTED,1,False,MISSING_PRODUCT,0,CLOUD_REJECTED,True,CLOUD_REJECTED,2026-09-05T17:46:07Z
FIRMS_TN_0389,True,CLOUD_REJECTED,1,False,MISSING_PRODUCT,0,CLOUD_REJECTED,True,CLOUD_REJECTED,2026-09-05T17:46:09Z
FIRMS_TN_0390,True,REAL_CDSE_SUCCESS,1,False,MISSING_PRODUCT,0,PARTIAL_PRE_ONLY,True,,2026-09-05T17:46:11Z
FIRMS_TN_0392,True,REAL_CDSE_SUCCESS,1,False,MISSING_PRODUCT,0,PARTIAL_PRE_ONLY,True,,2026-09-05T17:46:13Z
FIRMS_TN_0395,False,MISSING_PRODUCT,0,True,REAL_CDSE_SUCCESS,1,PARTIAL_POST_ONLY,True,,2026-09-05T17:46:15Z
FIRMS_TN_0396,False,MISSING_PRODUCT,0,True,REAL_CDSE_SUCCESS,1,PARTIAL_POST_ONLY,True,,2026-09-05T17:46:17Z
FIRMS_TN_0397,True,CLOUD_REJECTED,1,False,MISSING_PRODUCT,0,CLOUD_REJECTED,True,CLOUD_REJECTED,2026-09-05T17:46:18Z
FIRMS_TN_0398,False,MISSING_PRODUCT,0,True,CLOUD_REJECTED,1,CLOUD_REJECTED,True,CLOUD_REJECTED,2026-09-05T17:46:20Z
FIRMS_TN_0400,False,MISSING_PRODUCT,0,True,REAL_CDSE_SUCCESS,1,PARTIAL_POST_ONLY,True,,2026-09-05T17:46:22Z
FIRMS_TN_0401,False,MISSING_PRODUCT,0,True,REAL_CDSE_SUCCESS,1,PARTIAL_POST_ONLY,True,,2026-09-05T17:46:24Z
FIRMS_TN_0402,False,MISSING_PRODUCT,0,True,CLOUD_REJECTED,1,CLOUD_REJECTED,True,CLOUD_REJECTED,2026-09-05T17:46:26Z
FIRMS_TN_0406,True,REAL_CDSE_SUCCESS,1,True,REAL_CDSE_SUCCESS,1,REAL_CDSE_SUCCESS,True,,2026-09-05T17:46:30Z
FIRMS_TN_0407,False,MISSING_PRODUCT,0,True,CLOUD_REJECTED,1,CLOUD_REJECTED,True,CLOUD_REJECTED,2026-09-05T17:46:32Z
FIRMS_TN_0408,False,MISSING_PRODUCT,0,True,CLOUD_REJECTED,1,CLOUD_REJECTED,True,CLOUD_REJECTED,2026-09-05T17:46:34Z
FIRMS_TN_0409,False,MISSING_PRODUCT,0,True,REAL_CDSE_SUCCESS,1,PARTIAL_POST_ONLY,True,,2026-09-05T17:46:36Z
FIRMS_TN_0410,False,MISSING_PRODUCT,0,True,CLOUD_REJECTED,1,CLOUD_REJECTED,True,CLOUD_REJECTED,2026-09-05T17:46:38Z
FIRMS_TN_0411,False,MISSING_PRODUCT,0,True,CLOUD_REJECTED,1,CLOUD_REJECTED,True,CLOUD_REJECTED,2026-09-05T17:46:40Z
FIRMS_TN_0412,False,MISSING_PRODUCT,0,True,CLOUD_REJECTED,1,CLOUD_REJECTED,True,CLOUD_REJECTED,2026-09-05T17:46:41Z
FIRMS_TN_0415,False,MISSING_PRODUCT,0,True,CLOUD_REJECTED,1,CLOUD_REJECTED,True,CLOUD_REJECTED,2026-09-05T17:46:43Z
FIRMS_TN_0417,False,MISSING_PRODUCT,0,True,CLOUD_REJECTED,1,CLOUD_REJECTED,True,CLOUD_REJECTED,2026-09-05T17:46:45Z
FIRMS_TN_0420,False,MISSING_PRODUCT,0,True,CLOUD_REJECTED,1,CLOUD_REJECTED,True,CLOUD_REJECTED,2026-09-05T17:46:47Z
FIRMS_TN_0421,False,MISSING_PRODUCT,0,True,CLOUD_REJECTED,1,CLOUD_REJECTED,True,CLOUD_REJECTED,2026-09-05T17:46:49Z
FIRMS_TN_0423,False,MISSING_PRODUCT,0,True,CLOUD_REJECTED,1,CLOUD_REJECTED,True,CLOUD_REJECTED,2026-09-05T17:46:51Z
FIRMS_TN_0427,True,REAL_CDSE_SUCCESS,1,True,REAL_CDSE_SUCCESS,1,REAL_CDSE_SUCCESS,True,,2026-09-05T17:46:55Z
FIRMS_TN_0428,True,REAL_CDSE_SUCCESS,1,True,CLOUD_REJECTED,1,PARTIAL_PRE_ONLY,True,,2026-09-05T17:46:59Z
FIRMS_TN_0429,True,REAL_CDSE_SUCCESS,1,True,REAL_CDSE_SUCCESS,1,REAL_CDSE_SUCCESS,True,,2026-09-05T17:47:03Z
FIRMS_TN_0430,False,MISSING_PRODUCT,0,True,CLOUD_REJECTED,1,CLOUD_REJECTED,True,CLOUD_REJECTED,2026-09-05T17:47:05Z
FIRMS_TN_0432,False,MISSING_PRODUCT,0,True,REAL_CDSE_SUCCESS,1,PARTIAL_POST_ONLY,True,,2026-09-05T17:47:07Z
FIRMS_TN_0433,False,MISSING_PRODUCT,0,True,CLOUD_REJECTED,1,CLOUD_REJECTED,True,CLOUD_REJECTED,2026-09-05T17:47:08Z
FIRMS_TN_0435,False,MISSING_PRODUCT,0,True,CLOUD_REJECTED,1,CLOUD_REJECTED,True,CLOUD_REJECTED,2026-09-05T17:47:10Z
FIRMS_TN_0437,False,MISSING_PRODUCT,0,True,CLOUD_REJECTED,1,CLOUD_REJECTED,True,CLOUD_REJECTED,2026-09-05T17:47:12Z
FIRMS_TN_0438,False,MISSING_PRODUCT,0,True,CLOUD_REJECTED,1,CLOUD_REJECTED,True,CLOUD_REJECTED,2026-09-05T17:47:14Z
FIRMS_TN_0439,False,MISSING_PRODUCT,0,True,CLOUD_REJECTED,1,CLOUD_REJECTED,True,CLOUD_REJECTED,2026-09-05T17:47:17Z
FIRMS_TN_0440,False,MISSING_PRODUCT,0,True,CLOUD_REJECTED,1,CLOUD_REJECTED,True,CLOUD_REJECTED,2026-09-05T17:47:18Z
FIRMS_TN_0441,False,MISSING_PRODUCT,0,True,CLOUD_REJECTED,1,CLOUD_REJECTED,True,CLOUD_REJECTED,2026-09-05T17:47:20Z
FIRMS_TN_0442,False,MISSING_PRODUCT,0,True,CLOUD_REJECTED,1,CLOUD_REJECTED,True,CLOUD_REJECTED,2026-09-05T17:47:22Z
FIRMS_TN_0443,False,MISSING_PRODUCT,0,True,REAL_CDSE_SUCCESS,1,PARTIAL_POST_ONLY,True,,2026-09-05T17:47:24Z
FIRMS_TN_0444,True,REAL_CDSE_SUCCESS,1,True,REAL_CDSE_SUCCESS,1,REAL_CDSE_SUCCESS,True,,2026-09-05T17:47:28Z
FIRMS_TN_0445,True,CLOUD_REJECTED,1,True,CLOUD_REJECTED,1,CLOUD_REJECTED,True,CLOUD_REJECTED,2026-09-05T17:47:32Z
FIRMS_TN_0446,False,MISSING_PRODUCT,0,True,REAL_CDSE_SUCCESS,1,PARTIAL_POST_ONLY,True,,2026-09-05T17:47:34Z
FIRMS_TN_0447,True,CLOUD_REJECTED,1,True,REAL_CDSE_SUCCESS,1,PARTIAL_POST_ONLY,True,,2026-09-05T17:47:38Z
FIRMS_TN_0448,True,CLOUD_REJECTED,1,True,CLOUD_REJECTED,1,CLOUD_REJECTED,True,CLOUD_REJECTED,2026-09-05T17:47:42Z
FIRMS_TN_0449,True,REAL_CDSE_SUCCESS,1,True,REAL_CDSE_SUCCESS,1,REAL_CDSE_SUCCESS,True,,2026-09-05T17:47:46Z
FIRMS_TN_0453,True,CLOUD_REJECTED,1,True,CLOUD_REJECTED,1,CLOUD_REJECTED,True,CLOUD_REJECTED,2026-09-05T17:47:50Z
FIRMS_TN_0455,True,CLOUD_REJECTED,1,True,CLOUD_REJECTED,1,CLOUD_REJECTED,True,CLOUD_REJECTED,2026-09-05T17:47:54Z
FIRMS_TN_0457,False,MISSING_PRODUCT,0,True,CLOUD_REJECTED,1,CLOUD_REJECTED,True,CLOUD_REJECTED,2026-09-05T17:47:56Z
FIRMS_TN_0458,True,REAL_CDSE_SUCCESS,1,True,REAL_CDSE_SUCCESS,1,REAL_CDSE_SUCCESS,True,,2026-09-05T17:48:00Z
FIRMS_TN_0459,True,REAL_CDSE_SUCCESS,1,True,REAL_CDSE_SUCCESS,1,REAL_CDSE_SUCCESS,True,,2026-09-05T17:48:04Z
FIRMS_TN_0460,True,CLOUD_REJECTED,1,True,CLOUD_REJECTED,1,CLOUD_REJECTED,True,CLOUD_REJECTED,2026-09-05T17:48:08Z
FIRMS_TN_0461,True,CLOUD_REJECTED,1,True,CLOUD_REJECTED,1,CLOUD_REJECTED,True,CLOUD_REJECTED,2026-09-05T17:48:12Z
FIRMS_TN_0464,True,CLOUD_REJECTED,1,True,CLOUD_REJECTED,1,CLOUD_REJECTED,True,CLOUD_REJECTED,2026-09-05T17:48:15Z
FIRMS_TN_0465,True,CLOUD_REJECTED,1,True,CLOUD_REJECTED,1,CLOUD_REJECTED,True,CLOUD_REJECTED,2026-09-05T17:48:19Z
FIRMS_TN_0466,True,CLOUD_REJECTED,1,True,CLOUD_REJECTED,1,CLOUD_REJECTED,True,CLOUD_REJECTED,2026-09-05T17:48:23Z
FIRMS_TN_0467,True,CLOUD_REJECTED,1,True,REAL_CDSE_SUCCESS,1,PARTIAL_POST_ONLY,True,,2026-09-05T17:48:26Z
FIRMS_TN_0468,True,REAL_CDSE_SUCCESS,1,True,REAL_CDSE_SUCCESS,1,REAL_CDSE_SUCCESS,True,,2026-09-05T17:48:30Z
FIRMS_TN_0469,True,CLOUD_REJECTED,1,True,CLOUD_REJECTED,1,CLOUD_REJECTED,True,CLOUD_REJECTED,2026-09-05T17:48:34Z
FIRMS_TN_0470,True,CLOUD_REJECTED,1,True,CLOUD_REJECTED,1,CLOUD_REJECTED,True,CLOUD_REJECTED,2026-09-05T17:48:38Z
FIRMS_TN_0471,True,REAL_CDSE_SUCCESS,1,False,MISSING_PRODUCT,0,PARTIAL_PRE_ONLY,True,,2026-09-05T17:48:40Z
FIRMS_TN_0472,True,REAL_CDSE_SUCCESS,1,True,CLOUD_REJECTED,1,PARTIAL_PRE_ONLY,True,,2026-09-05T17:48:43Z
FIRMS_TN_0473,True,CLOUD_REJECTED,1,True,REAL_CDSE_SUCCESS,1,PARTIAL_POST_ONLY,True,,2026-09-05T17:48:47Z
FIRMS_TN_0474,False,MISSING_PRODUCT,0,True,REAL_CDSE_SUCCESS,1,PARTIAL_POST_ONLY,True,,2026-09-05T17:48:49Z
FIRMS_TN_0475,True,CLOUD_REJECTED,1,True,REAL_CDSE_SUCCESS,1,PARTIAL_POST_ONLY,True,,2026-09-05T17:48:52Z
FIRMS_TN_0476,False,MISSING_PRODUCT,0,True,CLOUD_REJECTED,1,CLOUD_REJECTED,True,CLOUD_REJECTED,2026-09-05T17:48:55Z
FIRMS_TN_0477,True,REAL_CDSE_SUCCESS,1,True,REAL_CDSE_SUCCESS,1,REAL_CDSE_SUCCESS,True,,2026-09-05T17:48:59Z
FIRMS_TN_0478,True,REAL_CDSE_SUCCESS,1,True,REAL_CDSE_SUCCESS,1,REAL_CDSE_SUCCESS,True,,2026-09-05T17:49:03Z
FIRMS_TN_0479,True,REAL_CDSE_SUCCESS,1,True,REAL_CDSE_SUCCESS,1,REAL_CDSE_SUCCESS,True,,2026-09-05T17:49:07Z
FIRMS_TN_0480,True,REAL_CDSE_SUCCESS,1,True,REAL_CDSE_SUCCESS,1,REAL_CDSE_SUCCESS,True,,2026-09-05T17:49:11Z
FIRMS_TN_0481,True,REAL_CDSE_SUCCESS,1,False,MISSING_PRODUCT,0,PARTIAL_PRE_ONLY,True,,2026-09-05T17:49:13Z
FIRMS_TN_0482,True,CLOUD_REJECTED,1,True,REAL_CDSE_SUCCESS,1,PARTIAL_POST_ONLY,True,,2026-09-05T17:49:17Z
FIRMS_TN_0483,True,CLOUD_REJECTED,1,True,CLOUD_REJECTED,1,CLOUD_REJECTED,True,CLOUD_REJECTED,2026-09-05T17:49:21Z
FIRMS_TN_0484,False,MISSING_PRODUCT,0,True,CLOUD_REJECTED,1,CLOUD_REJECTED,True,CLOUD_REJECTED,2026-09-05T17:49:22Z
FIRMS_TN_0485,True,CLOUD_REJECTED,1,True,REAL_CDSE_SUCCESS,1,PARTIAL_POST_ONLY,True,,2026-09-05T17:49:26Z
FIRMS_TN_0486,True,REAL_CDSE_SUCCESS,1,False,MISSING_PRODUCT,0,PARTIAL_PRE_ONLY,True,,2026-09-05T17:49:28Z
FIRMS_TN_0487,True,REAL_CDSE_SUCCESS,1,True,CLOUD_REJECTED,1,PARTIAL_PRE_ONLY,True,,2026-09-05T17:49:32Z
FIRMS_TN_0488,True,REAL_CDSE_SUCCESS,1,True,REAL_CDSE_SUCCESS,1,REAL_CDSE_SUCCESS,True,,2026-09-05T17:49:35Z
FIRMS_TN_0489,True,CLOUD_REJECTED,1,True,REAL_CDSE_SUCCESS,1,PARTIAL_POST_ONLY,True,,2026-09-05T17:49:39Z
FIRMS_TN_0490,True,CLOUD_REJECTED,1,True,CLOUD_REJECTED,1,CLOUD_REJECTED,True,CLOUD_REJECTED,2026-09-05T17:49:43Z
FIRMS_TN_0491,True,CLOUD_REJECTED,1,True,CLOUD_REJECTED,1,CLOUD_REJECTED,True,CLOUD_REJECTED,2026-09-05T17:49:47Z
FIRMS_TN_0492,False,MISSING_PRODUCT,0,True,CLOUD_REJECTED,1,CLOUD_REJECTED,True,CLOUD_REJECTED,2026-09-05T17:49:48Z
FIRMS_TN_0493,False,MISSING_PRODUCT,0,True,REAL_CDSE_SUCCESS,1,PARTIAL_POST_ONLY,True,,2026-09-05T17:49:50Z
FIRMS_TN_0494,True,CLOUD_REJECTED,1,True,REAL_CDSE_SUCCESS,1,PARTIAL_POST_ONLY,True,,2026-09-05T17:49:54Z
FIRMS_TN_0495,False,MISSING_PRODUCT,0,True,REAL_CDSE_SUCCESS,1,PARTIAL_POST_ONLY,True,,2026-09-05T17:49:56Z
FIRMS_TN_0496,True,CLOUD_REJECTED,1,True,CLOUD_REJECTED,1,CLOUD_REJECTED,True,CLOUD_REJECTED,2026-09-05T17:50:00Z
FIRMS_TN_0497,True,CLOUD_REJECTED,1,True,REAL_CDSE_SUCCESS,1,PARTIAL_POST_ONLY,True,,2026-09-05T17:50:03Z
FIRMS_TN_0498,False,MISSING_PRODUCT,0,True,CLOUD_REJECTED,1,CLOUD_REJECTED,True,CLOUD_REJECTED,2026-09-05T17:50:05Z
FIRMS_TN_0499,False,MISSING_PRODUCT,0,True,CLOUD_REJECTED,1,CLOUD_REJECTED,True,CLOUD_REJECTED,2026-09-05T17:50:07Z
FIRMS_TN_0500,True,CLOUD_REJECTED,1,True,CLOUD_REJECTED,1,CLOUD_REJECTED,True,CLOUD_REJECTED,2026-09-05T17:50:11Z
FIRMS_TN_0501,True,REAL_CDSE_SUCCESS,1,True,REAL_CDSE_SUCCESS,1,REAL_CDSE_SUCCESS,True,,2026-09-05T17:50:15Z
FIRMS_TN_0502,True,CLOUD_REJECTED,1,True,CLOUD_REJECTED,1,CLOUD_REJECTED,True,CLOUD_REJECTED,2026-09-05T17:50:18Z
FIRMS_TN_0503,True,CLOUD_REJECTED,1,True,REAL_CDSE_SUCCESS,1,PARTIAL_POST_ONLY,True,,2026-09-05T17:50:23Z
FIRMS_TN_0504,False,MISSING_PRODUCT,0,True,REAL_CDSE_SUCCESS,1,PARTIAL_POST_ONLY,True,,2026-09-05T17:50:25Z
FIRMS_TN_0505,False,MISSING_PRODUCT,0,True,REAL_CDSE_SUCCESS,1,PARTIAL_POST_ONLY,True,,2026-09-05T17:50:27Z
FIRMS_TN_0506,False,MISSING_PRODUCT,0,True,CLOUD_REJECTED,1,CLOUD_REJECTED,True,CLOUD_REJECTED,2026-09-05T17:50:28Z
FIRMS_TN_0507,True,REAL_CDSE_SUCCESS,1,True,REAL_CDSE_SUCCESS,1,REAL_CDSE_SUCCESS,True,,2026-09-05T17:50:32Z
FIRMS_TN_0508,True,CLOUD_REJECTED,1,True,CLOUD_REJECTED,1,CLOUD_REJECTED,True,CLOUD_REJECTED,2026-09-05T17:50:36Z
FIRMS_TN_0509,False,MISSING_PRODUCT,0,True,CLOUD_REJECTED,1,CLOUD_REJECTED,True,CLOUD_REJECTED,2026-09-05T17:50:38Z
FIRMS_TN_0510,True,REAL_CDSE_SUCCESS,1,True,CLOUD_REJECTED,1,PARTIAL_PRE_ONLY,True,,2026-09-05T17:50:42Z
FIRMS_TN_0511,False,MISSING_PRODUCT,0,True,REAL_CDSE_SUCCESS,1,PARTIAL_POST_ONLY,True,,2026-09-05T17:50:44Z
FIRMS_TN_0512,True,CLOUD_REJECTED,1,True,REAL_CDSE_SUCCESS,1,PARTIAL_POST_ONLY,True,,2026-09-05T17:50:47Z
FIRMS_TN_0513,False,MISSING_PRODUCT,0,True,REAL_CDSE_SUCCESS,1,PARTIAL_POST_ONLY,True,,2026-09-05T17:50:49Z
FIRMS_TN_0514,False,MISSING_PRODUCT,0,True,REAL_CDSE_SUCCESS,1,PARTIAL_POST_ONLY,True,,2026-09-05T17:50:51Z
FIRMS_TN_0515,False,MISSING_PRODUCT,0,True,REAL_CDSE_SUCCESS,1,PARTIAL_POST_ONLY,True,,2026-09-05T17:50:53Z
FIRMS_TN_0516,False,MISSING_PRODUCT,0,True,REAL_CDSE_SUCCESS,1,PARTIAL_POST_ONLY,True,,2026-09-05T17:50:54Z
FIRMS_TN_0517,False,MISSING_PRODUCT,0,True,REAL_CDSE_SUCCESS,1,PARTIAL_POST_ONLY,True,,2026-09-05T17:50:56Z
FIRMS_TN_0518,False,MISSING_PRODUCT,0,True,REAL_CDSE_SUCCESS,1,PARTIAL_POST_ONLY,True,,2026-09-05T17:50:58Z
FIRMS_TN_0519,True,CLOUD_REJECTED,1,True,CLOUD_REJECTED,1,CLOUD_REJECTED,True,CLOUD_REJECTED,2026-09-05T17:51:02Z
FIRMS_TN_0520,True,CLOUD_REJECTED,1,True,REAL_CDSE_SUCCESS,1,PARTIAL_POST_ONLY,True,,2026-09-05T17:51:05Z
FIRMS_TN_0521,True,REAL_CDSE_SUCCESS,1,True,CLOUD_REJECTED,1,PARTIAL_PRE_ONLY,True,,2026-09-05T17:51:09Z
FIRMS_TN_0522,False,MISSING_PRODUCT,0,True,REAL_CDSE_SUCCESS,1,PARTIAL_POST_ONLY,True,,2026-09-05T17:51:10Z
FIRMS_TN_0523,True,CLOUD_REJECTED,1,True,CLOUD_REJECTED,1,CLOUD_REJECTED,True,CLOUD_REJECTED,2026-09-05T17:51:14Z
FIRMS_TN_0524,True,CLOUD_REJECTED,1,True,CLOUD_REJECTED,1,CLOUD_REJECTED,True,CLOUD_REJECTED,2026-09-05T17:51:18Z
FIRMS_TN_0525,False,MISSING_PRODUCT,0,True,CLOUD_REJECTED,1,CLOUD_REJECTED,True,CLOUD_REJECTED,2026-09-05T17:51:20Z
FIRMS_TN_0526,True,REAL_CDSE_SUCCESS,1,False,MISSING_PRODUCT,0,PARTIAL_PRE_ONLY,True,,2026-09-05T17:51:21Z
FIRMS_TN_0527,False,MISSING_PRODUCT,0,True,REAL_CDSE_SUCCESS,1,PARTIAL_POST_ONLY,True,,2026-09-05T17:51:23Z
FIRMS_TN_0528,False,MISSING_PRODUCT,0,True,REAL_CDSE_SUCCESS,1,PARTIAL_POST_ONLY,True,,2026-09-05T17:51:25Z
FIRMS_TN_0529,False,MISSING_PRODUCT,0,True,CLOUD_REJECTED,1,CLOUD_REJECTED,True,CLOUD_REJECTED,2026-09-05T17:51:27Z
FIRMS_TN_0530,True,CLOUD_REJECTED,1,True,CLOUD_REJECTED,1,CLOUD_REJECTED,True,CLOUD_REJECTED,2026-09-05T17:51:30Z
FIRMS_TN_0531,True,CLOUD_REJECTED,1,True,CLOUD_REJECTED,1,CLOUD_REJECTED,True,CLOUD_REJECTED,2026-09-05T17:51:34Z
FIRMS_TN_0532,False,MISSING_PRODUCT,0,True,CLOUD_REJECTED,1,CLOUD_REJECTED,True,CLOUD_REJECTED,2026-09-05T17:51:36Z
FIRMS_TN_0533,True,CLOUD_REJECTED,1,False,MISSING_PRODUCT,0,CLOUD_REJECTED,True,CLOUD_REJECTED,2026-09-05T17:51:37Z
FIRMS_TN_0534,False,MISSING_PRODUCT,0,True,REAL_CDSE_SUCCESS,1,PARTIAL_POST_ONLY,True,,2026-09-05T17:51:39Z
FIRMS_TN_0536,True,CLOUD_REJECTED,1,True,CLOUD_REJECTED,1,CLOUD_REJECTED,True,CLOUD_REJECTED,2026-09-05T17:51:43Z
FIRMS_TN_0537,True,REAL_CDSE_SUCCESS,1,True,CLOUD_REJECTED,1,PARTIAL_PRE_ONLY,True,,2026-09-05T17:51:46Z
FIRMS_TN_0538,True,REAL_CDSE_SUCCESS,1,True,REAL_CDSE_SUCCESS,1,REAL_CDSE_SUCCESS,True,,2026-09-05T17:51:50Z
FIRMS_TN_0539,True,CLOUD_REJECTED,1,True,CLOUD_REJECTED,1,CLOUD_REJECTED,True,CLOUD_REJECTED,2026-09-05T17:51:54Z
FIRMS_TN_0540,True,REAL_CDSE_SUCCESS,1,False,MISSING_PRODUCT,0,PARTIAL_PRE_ONLY,True,,2026-09-05T17:51:55Z
FIRMS_TN_0541,True,REAL_CDSE_SUCCESS,1,True,REAL_CDSE_SUCCESS,1,REAL_CDSE_SUCCESS,True,,2026-09-05T17:51:59Z
FIRMS_TN_0542,False,MISSING_PRODUCT,0,True,CLOUD_REJECTED,1,CLOUD_REJECTED,True,CLOUD_REJECTED,2026-09-05T17:52:01Z
FIRMS_TN_0543,True,REAL_CDSE_SUCCESS,1,True,REAL_CDSE_SUCCESS,1,REAL_CDSE_SUCCESS,True,,2026-09-05T17:52:05Z
FIRMS_TN_0544,True,REAL_CDSE_SUCCESS,1,False,MISSING_PRODUCT,0,PARTIAL_PRE_ONLY,True,,2026-09-05T17:52:06Z
FIRMS_TN_0545,False,MISSING_PRODUCT,0,True,REAL_CDSE_SUCCESS,1,PARTIAL_POST_ONLY,True,,2026-09-05T17:52:08Z
FIRMS_TN_0546,True,REAL_CDSE_SUCCESS,1,True,REAL_CDSE_SUCCESS,1,REAL_CDSE_SUCCESS,True,,2026-09-05T17:52:12Z
FIRMS_TN_0547,False,MISSING_PRODUCT,0,True,REAL_CDSE_SUCCESS,1,PARTIAL_POST_ONLY,True,,2026-09-05T17:52:14Z
FIRMS_TN_0548,True,CLOUD_REJECTED,1,True,CLOUD_REJECTED,1,CLOUD_REJECTED,True,CLOUD_REJECTED,2026-09-05T17:52:17Z
FIRMS_TN_0549,True,CLOUD_REJECTED,1,False,MISSING_PRODUCT,0,CLOUD_REJECTED,True,CLOUD_REJECTED,2026-09-05T17:52:19Z
FIRMS_TN_0550,True,CLOUD_REJECTED,1,False,MISSING_PRODUCT,0,CLOUD_REJECTED,True,CLOUD_REJECTED,2026-09-05T17:52:21Z
FIRMS_TN_0551,False,MISSING_PRODUCT,0,True,REAL_CDSE_SUCCESS,1,PARTIAL_POST_ONLY,True,,2026-09-05T17:52:23Z
FIRMS_TN_0552,True,CLOUD_REJECTED,1,True,REAL_CDSE_SUCCESS,1,PARTIAL_POST_ONLY,True,,2026-09-05T17:52:27Z
FIRMS_TN_0553,False,MISSING_PRODUCT,0,True,REAL_CDSE_SUCCESS,1,PARTIAL_POST_ONLY,True,,2026-09-05T17:52:29Z
FIRMS_TN_0554,True,REAL_CDSE_SUCCESS,1,True,REAL_CDSE_SUCCESS,1,REAL_CDSE_SUCCESS,True,,2026-09-05T17:52:32Z
FIRMS_TN_0555,True,REAL_CDSE_SUCCESS,1,False,MISSING_PRODUCT,0,PARTIAL_PRE_ONLY,True,,2026-09-05T17:52:34Z
FIRMS_TN_0556,True,REAL_CDSE_SUCCESS,1,False,MISSING_PRODUCT,0,PARTIAL_PRE_ONLY,True,,2026-09-05T17:52:36Z
FIRMS_TN_0557,True,CLOUD_REJECTED,1,True,REAL_CDSE_SUCCESS,1,PARTIAL_POST_ONLY,True,,2026-09-05T17:52:40Z
FIRMS_TN_0558,True,CLOUD_REJECTED,1,True,REAL_CDSE_SUCCESS,1,PARTIAL_POST_ONLY,True,,2026-09-05T17:52:43Z
FIRMS_TN_0559,True,REAL_CDSE_SUCCESS,1,True,REAL_CDSE_SUCCESS,1,REAL_CDSE_SUCCESS,True,,2026-09-05T17:52:47Z
FIRMS_TN_0560,True,CLOUD_REJECTED,1,False,MISSING_PRODUCT,0,CLOUD_REJECTED,True,CLOUD_REJECTED,2026-09-05T17:52:49Z
FIRMS_TN_0561,True,REAL_CDSE_SUCCESS,1,True,CLOUD_REJECTED,1,PARTIAL_PRE_ONLY,True,,2026-09-05T17:52:52Z
FIRMS_TN_0562,True,CLOUD_REJECTED,1,False,MISSING_PRODUCT,0,CLOUD_REJECTED,True,CLOUD_REJECTED,2026-09-05T17:52:54Z
FIRMS_TN_0563,True,REAL_CDSE_SUCCESS,1,False,MISSING_PRODUCT,0,PARTIAL_PRE_ONLY,True,,2026-09-05T17:52:56Z
FIRMS_TN_0564,True,REAL_CDSE_SUCCESS,1,True,CLOUD_REJECTED,1,PARTIAL_PRE_ONLY,True,,2026-09-05T17:53:00Z
FIRMS_TN_0565,True,REAL_CDSE_SUCCESS,1,True,CLOUD_REJECTED,1,PARTIAL_PRE_ONLY,True,,2026-09-05T17:53:03Z
FIRMS_TN_0566,True,REAL_CDSE_SUCCESS,1,True,REAL_CDSE_SUCCESS,1,REAL_CDSE_SUCCESS,True,,2026-09-05T17:53:07Z
FIRMS_TN_0567,False,MISSING_PRODUCT,0,True,REAL_CDSE_SUCCESS,1,PARTIAL_POST_ONLY,True,,2026-09-05T17:53:09Z
FIRMS_TN_0568,True,REAL_CDSE_SUCCESS,1,False,MISSING_PRODUCT,0,PARTIAL_PRE_ONLY,True,,2026-09-05T17:53:11Z
FIRMS_TN_0569,True,CLOUD_REJECTED,1,False,MISSING_PRODUCT,0,CLOUD_REJECTED,True,CLOUD_REJECTED,2026-09-05T17:53:12Z
FIRMS_TN_0570,True,REAL_CDSE_SUCCESS,1,False,MISSING_PRODUCT,0,PARTIAL_PRE_ONLY,True,,2026-09-05T17:53:14Z
FIRMS_TN_0571,True,CLOUD_REJECTED,1,True,CLOUD_REJECTED,1,CLOUD_REJECTED,True,CLOUD_REJECTED,2026-09-05T17:53:18Z
FIRMS_TN_0572,True,CLOUD_REJECTED,1,True,CLOUD_REJECTED,1,CLOUD_REJECTED,True,CLOUD_REJECTED,2026-09-05T17:53:21Z
FIRMS_TN_0573,True,CLOUD_REJECTED,1,True,CLOUD_REJECTED,1,CLOUD_REJECTED,True,CLOUD_REJECTED,2026-09-05T17:53:25Z
FIRMS_TN_0574,True,REAL_CDSE_SUCCESS,1,True,REAL_CDSE_SUCCESS,1,REAL_CDSE_SUCCESS,True,,2026-09-05T17:53:29Z
FIRMS_TN_0575,True,CLOUD_REJECTED,1,True,REAL_CDSE_SUCCESS,1,PARTIAL_POST_ONLY,True,,2026-09-05T17:53:32Z
FIRMS_TN_0576,True,REAL_CDSE_SUCCESS,1,True,REAL_CDSE_SUCCESS,1,REAL_CDSE_SUCCESS,True,,2026-09-05T17:53:36Z
FIRMS_TN_0577,True,CLOUD_REJECTED,1,True,CLOUD_REJECTED,1,CLOUD_REJECTED,True,CLOUD_REJECTED,2026-09-05T17:53:40Z
FIRMS_TN_0578,False,MISSING_PRODUCT,0,True,REAL_CDSE_SUCCESS,1,PARTIAL_POST_ONLY,True,,2026-09-05T17:53:42Z
FIRMS_TN_0579,True,REAL_CDSE_SUCCESS,1,True,REAL_CDSE_SUCCESS,1,REAL_CDSE_SUCCESS,True,,2026-09-05T17:53:45Z
FIRMS_TN_0580,True,CLOUD_REJECTED,1,True,CLOUD_REJECTED,1,CLOUD_REJECTED,True,CLOUD_REJECTED,2026-09-05T17:53:49Z
FIRMS_TN_0581,True,CLOUD_REJECTED,1,True,CLOUD_REJECTED,1,CLOUD_REJECTED,True,CLOUD_REJECTED,2026-09-05T17:53:52Z
FIRMS_TN_0582,True,CLOUD_REJECTED,1,False,MISSING_PRODUCT,0,CLOUD_REJECTED,True,CLOUD_REJECTED,2026-09-05T17:53:54Z
FIRMS_TN_0583,True,CLOUD_REJECTED,1,False,MISSING_PRODUCT,0,CLOUD_REJECTED,True,CLOUD_REJECTED,2026-09-05T17:53:56Z
FIRMS_TN_0584,True,REAL_CDSE_SUCCESS,1,True,CLOUD_REJECTED,1,PARTIAL_PRE_ONLY,True,,2026-09-05T17:54:00Z
FIRMS_TN_0585,True,CLOUD_REJECTED,1,True,REAL_CDSE_SUCCESS,1,PARTIAL_POST_ONLY,True,,2026-09-05T17:54:04Z
FIRMS_TN_0586,True,CLOUD_REJECTED,1,False,MISSING_PRODUCT,0,CLOUD_REJECTED,True,CLOUD_REJECTED,2026-09-05T17:54:06Z
FIRMS_TN_0587,True,REAL_CDSE_SUCCESS,1,False,MISSING_PRODUCT,0,PARTIAL_PRE_ONLY,True,,2026-09-05T17:54:07Z
FIRMS_TN_0588,True,CLOUD_REJECTED,1,False,MISSING_PRODUCT,0,CLOUD_REJECTED,True,CLOUD_REJECTED,2026-09-05T17:54:09Z
FIRMS_TN_0589,True,REAL_CDSE_SUCCESS,1,False,MISSING_PRODUCT,0,PARTIAL_PRE_ONLY,True,,2026-09-05T17:54:11Z
FIRMS_TN_0590,True,REAL_CDSE_SUCCESS,1,False,MISSING_PRODUCT,0,PARTIAL_PRE_ONLY,True,,2026-09-05T17:54:13Z
FIRMS_TN_0591,True,CLOUD_REJECTED,1,False,MISSING_PRODUCT,0,CLOUD_REJECTED,True,CLOUD_REJECTED,2026-09-05T17:54:15Z
FIRMS_TN_0592,True,REAL_CDSE_SUCCESS,1,False,MISSING_PRODUCT,0,PARTIAL_PRE_ONLY,True,,2026-09-05T17:54:17Z
FIRMS_TN_0593,True,REAL_CDSE_SUCCESS,1,True,REAL_CDSE_SUCCESS,1,REAL_CDSE_SUCCESS,True,,2026-09-05T17:54:20Z
FIRMS_TN_0594,True,CLOUD_REJECTED,1,False,MISSING_PRODUCT,0,CLOUD_REJECTED,True,CLOUD_REJECTED,2026-09-05T17:54:22Z
FIRMS_TN_0595,True,CLOUD_REJECTED,1,False,MISSING_PRODUCT,0,CLOUD_REJECTED,True,CLOUD_REJECTED,2026-09-05T17:54:24Z
FIRMS_TN_0596,True,REAL_CDSE_SUCCESS,1,True,REAL_CDSE_SUCCESS,1,REAL_CDSE_SUCCESS,True,,2026-09-05T17:54:28Z
FIRMS_TN_0597,True,CLOUD_REJECTED,1,True,CLOUD_REJECTED,1,CLOUD_REJECTED,True,CLOUD_REJECTED,2026-09-05T17:54:31Z
FIRMS_TN_0598,True,REAL_CDSE_SUCCESS,1,True,REAL_CDSE_SUCCESS,1,REAL_CDSE_SUCCESS,True,,2026-09-05T17:54:35Z
FIRMS_TN_0599,False,MISSING_PRODUCT,0,True,CLOUD_REJECTED,1,CLOUD_REJECTED,True,CLOUD_REJECTED,2026-09-05T17:54:37Z
FIRMS_TN_0600,True,CLOUD_REJECTED,1,True,REAL_CDSE_SUCCESS,1,PARTIAL_POST_ONLY,True,,2026-09-05T17:54:41Z
FIRMS_TN_0601,True,CLOUD_REJECTED,1,False,MISSING_PRODUCT,0,CLOUD_REJECTED,True,CLOUD_REJECTED,2026-09-05T17:54:42Z
FIRMS_TN_0602,True,REAL_CDSE_SUCCESS,1,False,MISSING_PRODUCT,0,PARTIAL_PRE_ONLY,True,,2026-09-05T17:54:44Z
FIRMS_TN_0603,True,REAL_CDSE_SUCCESS,1,True,REAL_CDSE_SUCCESS,1,REAL_CDSE_SUCCESS,True,,2026-09-05T17:54:49Z
FIRMS_TN_0604,True,REAL_CDSE_SUCCESS,1,True,REAL_CDSE_SUCCESS,1,REAL_CDSE_SUCCESS,True,,2026-09-05T17:54:52Z
FIRMS_TN_0605,True,REAL_CDSE_SUCCESS,1,True,CLOUD_REJECTED,1,PARTIAL_PRE_ONLY,True,,2026-09-05T17:54:56Z
FIRMS_TN_0606,True,REAL_CDSE_SUCCESS,1,True,REAL_CDSE_SUCCESS,1,REAL_CDSE_SUCCESS,True,,2026-09-05T17:55:01Z
FIRMS_TN_0607,True,CLOUD_REJECTED,1,True,REAL_CDSE_SUCCESS,1,PARTIAL_POST_ONLY,True,,2026-09-05T17:55:05Z
FIRMS_TN_0608,True,REAL_CDSE_SUCCESS,1,True,CLOUD_REJECTED,1,PARTIAL_PRE_ONLY,True,,2026-09-05T17:55:08Z
FIRMS_TN_0609,True,REAL_CDSE_SUCCESS,1,False,MISSING_PRODUCT,0,PARTIAL_PRE_ONLY,True,,2026-09-05T17:55:10Z
FIRMS_TN_0610,True,CLOUD_REJECTED,1,True,REAL_CDSE_SUCCESS,1,PARTIAL_POST_ONLY,True,,2026-09-05T17:55:14Z
FIRMS_TN_0611,True,REAL_CDSE_SUCCESS,1,True,CLOUD_REJECTED,1,PARTIAL_PRE_ONLY,True,,2026-09-05T17:55:18Z
FIRMS_TN_0612,True,REAL_CDSE_SUCCESS,1,True,CLOUD_REJECTED,1,PARTIAL_PRE_ONLY,True,,2026-09-05T17:55:22Z
FIRMS_TN_0613,True,REAL_CDSE_SUCCESS,1,True,REAL_CDSE_SUCCESS,1,REAL_CDSE_SUCCESS,True,,2026-09-05T17:55:25Z
FIRMS_TN_0614,True,REAL_CDSE_SUCCESS,1,False,MISSING_PRODUCT,0,PARTIAL_PRE_ONLY,True,,2026-09-05T17:55:27Z
FIRMS_TN_0615,True,REAL_CDSE_SUCCESS,1,True,CLOUD_REJECTED,1,PARTIAL_PRE_ONLY,True,,2026-09-05T17:55:31Z
FIRMS_TN_0616,True,CLOUD_REJECTED,1,True,REAL_CDSE_SUCCESS,1,PARTIAL_POST_ONLY,True,,2026-09-05T17:55:34Z
FIRMS_TN_0617,True,REAL_CDSE_SUCCESS,1,False,MISSING_PRODUCT,0,PARTIAL_PRE_ONLY,True,,2026-09-05T17:55:36Z
FIRMS_TN_0618,True,CLOUD_REJECTED,1,False,MISSING_PRODUCT,0,CLOUD_REJECTED,True,CLOUD_REJECTED,2026-09-05T17:55:38Z
FIRMS_TN_0619,True,CLOUD_REJECTED,1,False,MISSING_PRODUCT,0,CLOUD_REJECTED,True,CLOUD_REJECTED,2026-09-05T17:55:40Z
FIRMS_TN_0620,True,CLOUD_REJECTED,1,False,MISSING_PRODUCT,0,CLOUD_REJECTED,True,CLOUD_REJECTED,2026-09-05T17:55:42Z
FIRMS_TN_0621,True,REAL_CDSE_SUCCESS,1,True,REAL_CDSE_SUCCESS,1,REAL_CDSE_SUCCESS,True,,2026-09-05T17:55:46Z
FIRMS_TN_0622,True,REAL_CDSE_SUCCESS,1,True,REAL_CDSE_SUCCESS,1,REAL_CDSE_SUCCESS,True,,2026-09-05T17:55:49Z
FIRMS_TN_0623,True,REAL_CDSE_SUCCESS,1,False,MISSING_PRODUCT,0,PARTIAL_PRE_ONLY,True,,2026-09-05T17:55:51Z
FIRMS_TN_0624,True,REAL_CDSE_SUCCESS,1,False,MISSING_PRODUCT,0,PARTIAL_PRE_ONLY,True,,2026-09-05T17:55:53Z
FIRMS_TN_0625,True,REAL_CDSE_SUCCESS,1,True,REAL_CDSE_SUCCESS,1,REAL_CDSE_SUCCESS,True,,2026-09-05T17:55:57Z
FIRMS_TN_0626,True,REAL_CDSE_SUCCESS,1,True,REAL_CDSE_SUCCESS,1,REAL_CDSE_SUCCESS,True,,2026-09-05T17:56:00Z
FIRMS_TN_0627,True,REAL_CDSE_SUCCESS,1,True,REAL_CDSE_SUCCESS,1,REAL_CDSE_SUCCESS,True,,2026-09-05T17:56:04Z
FIRMS_TN_0628,True,REAL_CDSE_SUCCESS,1,True,REAL_CDSE_SUCCESS,1,REAL_CDSE_SUCCESS,True,,2026-09-05T17:56:08Z
FIRMS_TN_0629,True,REAL_CDSE_SUCCESS,1,False,MISSING_PRODUCT,0,PARTIAL_PRE_ONLY,True,,2026-09-05T17:56:10Z
FIRMS_TN_0630,True,CLOUD_REJECTED,1,False,MISSING_PRODUCT,0,CLOUD_REJECTED,True,CLOUD_REJECTED,2026-09-05T17:56:12Z
FIRMS_TN_0631,True,CLOUD_REJECTED,1,False,MISSING_PRODUCT,0,CLOUD_REJECTED,True,CLOUD_REJECTED,2026-09-05T17:56:13Z
FIRMS_TN_0632,True,CLOUD_REJECTED,1,True,REAL_CDSE_SUCCESS,1,PARTIAL_POST_ONLY,True,,2026-09-05T17:56:17Z
